code,label,n_conditions,features_used,axes_used,n_axes,n_pairs,prevalence,mort_t,mort_c,diff,ci_lo,ci_hi,p_perm,score,hb_mean,hb_p50,q_fdr,diff_pp,ci_lo_pp,ci_hi_pp,abs_diff_pp,robust,signature,stability
R157-196-408,dbp_delta <= q0.35 (-8.606) AND glucose_lab_std <= q0.35 (0) AND platelets_slope <= q0.35 (-0.07924),3,"dbp_delta,glucose_lab_std,platelets_slope","perfusion,other,organ_failure",3,1560,0.123271434215725,0.1544871794871795,0.48333333333333334,-0.32884615384615384,-0.3594503904309292,-0.2982419172613785,1.834917058270265e-98,150.66523564103707,8.40846153846154,8.1,5.321259468983768e-95,-32.88461538461539,-35.94503904309292,-29.82419172613785,32.88461538461539,True,benefit | dbp <= ; glucose_lab <= ; platelets <=,1.0
R157-196-261,dbp_delta <= q0.35 (-8.606) AND glucose_lab_std <= q0.35 (0) AND hemoglobin_slope <= q0.35 (-0.006063),3,"dbp_delta,glucose_lab_std,hemoglobin_slope","perfusion,other,anemia",3,1501,0.11860924535756617,0.16522318454363757,0.4943371085942705,-0.3291139240506329,-0.36062196267427266,-0.2976058854269931,3.750126117640493e-93,147.90899699614306,8.127714856762159,8.0,5.437682870578715e-90,-32.91139240506329,-36.06219626742727,-29.760588542699313,32.91139240506329,True,benefit | dbp <= ; glucose_lab <= ; hemoglobin <=,1.0
R195-261-352,glucose_lab_std <= q0.20 (0) AND hemoglobin_slope <= q0.35 (-0.006063) AND mbp_median > q0.65 (89),3,"glucose_lab_std,hemoglobin_slope,mbp_median","other,anemia,perfusion",3,1461,0.11544843935203476,0.17385352498288842,0.4996577686516085,-0.3258042436687201,-0.3579759542881571,-0.29363253304928305,1.124135855061826e-87,144.45741330010716,8.09883641341547,7.9,1.0866646598930983e-84,-32.58042436687201,-35.79759542881571,-29.363253304928307,32.58042436687201,True,benefit | glucose_lab <= ; hemoglobin <= ; mbp >,1.0
R171-196-261,dbp_median > q0.65 (72) AND glucose_lab_std <= q0.35 (0) AND hemoglobin_slope <= q0.35 (-0.006063),3,"dbp_median,glucose_lab_std,hemoglobin_slope","perfusion,other,anemia",3,1435,0.11339391544843935,0.17491289198606272,0.4989547038327526,-0.3240418118466899,-0.35653205976608054,-0.29155156392729925,4.283443558550001e-85,142.39180378087823,8.07205574912892,7.9,2.4843972639590008e-82,-32.40418118466899,-35.65320597660806,-29.155156392729925,32.40418118466899,True,benefit | dbp > ; glucose_lab <= ; hemoglobin <=,1.0
R195-352-408,glucose_lab_std <= q0.20 (0) AND mbp_median > q0.65 (89) AND platelets_slope <= q0.35 (-0.07924),3,"glucose_lab_std,mbp_median,platelets_slope","other,perfusion,organ_failure",3,1478,0.11679178190438562,0.17185385656292287,0.4884979702300406,-0.31664411366711775,-0.34857168624031276,-0.28471654109392275,3.6504182806185323e-84,141.21038115380244,8.427401894451963,8.0,1.7643688356322907e-81,-31.664411366711775,-34.857168624031274,-28.471654109392276,31.664411366711775,True,benefit | glucose_lab <= ; mbp > ; platelets <=,1.0
R195-284-408,glucose_lab_std <= q0.20 (0) AND lactate_slope > q0.65 (0.0002952) AND platelets_slope <= q0.35 (-0.07924),3,"glucose_lab_std,lactate_slope,platelets_slope","other,perfusion,organ_failure",3,1626,0.12848676412485183,0.17404674046740468,0.4747847478474785,-0.30073800738007384,-0.33121398402912594,-0.27026203073102173,2.410860774135952e-83,140.6716487694933,8.39680196801968,8.1,8.739370306242827e-81,-30.073800738007385,-33.1213984029126,-27.026203073102174,30.073800738007385,True,benefit | glucose_lab <= ; lactate > ; platelets <=,1.0
R171-195-408,dbp_median > q0.65 (72) AND glucose_lab_std <= q0.20 (0) AND platelets_slope <= q0.35 (-0.07924),3,"dbp_median,glucose_lab_std,platelets_slope","perfusion,other,organ_failure",3,1454,0.11489529830106678,0.17262723521320494,0.48762035763411277,-0.3149931224209078,-0.34720305681862024,-0.2827831880231954,6.904584348579838e-82,139.32891783565415,8.401375515818431,8.0,2.2248105123201698e-79,-31.49931224209078,-34.72030568186202,-28.27831880231954,31.49931224209078,True,benefit | dbp > ; glucose_lab <= ; platelets <=,1.0
R196-261-284,glucose_lab_std <= q0.35 (0) AND hemoglobin_slope <= q0.35 (-0.006063) AND lactate_slope > q0.65 (0.0002952),3,"glucose_lab_std,hemoglobin_slope,lactate_slope","other,anemia,perfusion",3,1529,0.12082180956143816,0.17920209287115763,0.4833224329627207,-0.3041203400915631,-0.33569538232164225,-0.2725452978614839,1.727844323053345e-79,137.94539255685612,8.093394375408765,7.9,3.579106097753358e-77,-30.412034009156308,-33.56953823216423,-27.25452978614839,30.412034009156308,True,benefit | glucose_lab <= ; hemoglobin <= ; lactate >,1.0
R196-408-473,glucose_lab_std <= q0.35 (0) AND platelets_slope <= q0.35 (-0.07924) AND resp_rate_max <= q0.35 (20),3,"glucose_lab_std,platelets_slope,resp_rate_max","other,organ_failure,respiratory",3,1443,0.11402607664954563,0.1683991683991684,0.4802494802494803,-0.31185031185031187,-0.3440580847251331,-0.27964253897549063,2.6120185471392404e-80,137.4160110145833,8.414760914760915,8.0,6.312378155586497e-78,-31.185031185031185,-34.405808472513314,-27.964253897549064,31.185031185031185,True,benefit | glucose_lab <= ; platelets <= ; resp_rate <=,1.0
R196-261-473,glucose_lab_std <= q0.35 (0) AND hemoglobin_slope <= q0.35 (-0.006063) AND resp_rate_max <= q0.35 (20),3,"glucose_lab_std,hemoglobin_slope,resp_rate_max","other,anemia,respiratory",3,1367,0.10802054523903595,0.16825164594001463,0.4879297732260424,-0.3196781272860278,-0.35277532689580093,-0.28658092767625465,6.312912934384046e-80,137.10559218691503,8.101389904901243,7.9,1.4082651930549027e-77,-31.96781272860278,-35.27753268958009,-28.658092767625465,31.96781272860278,True,benefit | glucose_lab <= ; hemoglobin <= ; resp_rate <=,1.0
R195-232-408,glucose_lab_std <= q0.20 (0) AND heart_rate_median <= q0.20 (70) AND platelets_slope <= q0.35 (-0.07924),3,"glucose_lab_std,heart_rate_median,platelets_slope","other,perfusion,organ_failure",3,1495,0.11813512445673646,0.1806020066889632,0.4836120401337793,-0.3030100334448161,-0.33497852917907456,-0.2710415377105576,4.873454292931504e-77,135.90505007339317,8.367023411371237,8.0,6.144790195435375e-75,-30.301003344481607,-33.49785291790746,-27.10415377105576,30.301003344481607,True,benefit | glucose_lab <= ; heart_rate <= ; platelets <=,1.0
R195-232-261,glucose_lab_std <= q0.20 (0) AND heart_rate_median <= q0.20 (70) AND hemoglobin_slope <= q0.35 (-0.006063),3,"glucose_lab_std,heart_rate_median,hemoglobin_slope","other,perfusion,anemia",3,1471,0.11623864085341762,0.1876274643099932,0.4928619986403807,-0.3052345343303875,-0.33765086490556584,-0.27281820375520915,4.709596782510183e-76,135.79944463742893,8.052957171991844,7.9,5.058455803436863e-74,-30.52345343303875,-33.765086490556584,-27.281820375520915,30.52345343303875,True,benefit | glucose_lab <= ; heart_rate <= ; hemoglobin <=,1.0
R196-284-473,glucose_lab_std <= q0.35 (0) AND lactate_slope > q0.65 (0.0002952) AND resp_rate_max <= q0.35 (20),3,"glucose_lab_std,lactate_slope,resp_rate_max","other,perfusion,respiratory",3,1590,0.12564203871987356,0.18553459119496854,0.47735849056603774,-0.29182389937106923,-0.322934784582725,-0.26071301415941345,1.7311468069924969e-75,134.98248141632374,9.051949685534591,8.3,1.7311468069924967e-73,-29.182389937106922,-32.2934784582725,-26.071301415941345,29.182389937106922,True,benefit | glucose_lab <= ; lactate > ; resp_rate <=,1.0
R157-196-284,dbp_delta <= q0.35 (-8.606) AND glucose_lab_std <= q0.35 (0) AND lactate_slope > q0.65 (0.0002952),3,"dbp_delta,glucose_lab_std,lactate_slope","perfusion,other,perfusion",2,1759,0.13899644409324377,0.18362706083001706,0.480955088118249,-0.29732802728823193,-0.32686773874604585,-0.267788315830418,1.2368838904366166e-86,134.6767180949119,8.959295054007958,8.3,8.96740820566547e-84,-29.732802728823195,-32.68677387460458,-26.7788315830418,29.732802728823195,True,benefit | dbp <= ; glucose_lab <= ; lactate >,1.0
R195-284,glucose_lab_std <= q0.20 (0) AND lactate_slope > q0.65 (0.0002952),2,"glucose_lab_std,lactate_slope","other,perfusion",2,2164,0.1709996048992493,0.20055452865064696,0.466728280961183,-0.2661737523105361,-0.29312685310182274,-0.23922065151924946,1.819183693685539e-83,133.7265408452359,9.088308687615527,8.3,7.536618159554376e-81,-26.617375231053607,-29.312685310182275,-23.922065151924947,26.617375231053607,True,benefit | glucose_lab <= ; lactate >,1.0
R196-261-408,glucose_lab_std <= q0.35 (0) AND hemoglobin_slope <= q0.35 (-0.006063) AND platelets_slope <= q0.35 (-0.07924),3,"glucose_lab_std,hemoglobin_slope,platelets_slope","other,anemia,organ_failure",3,1631,0.12888186487554326,0.19190680564071122,0.47455548743102394,-0.2826486817903127,-0.3135126238900342,-0.25178473969059123,4.845014005859223e-72,132.41339906748775,8.110852237890864,7.9,3.4269611260955485e-70,-28.26486817903127,-31.35126238900342,-25.178473969059123,28.26486817903127,True,benefit | glucose_lab <= ; hemoglobin <= ; platelets <=,1.0
R352-408-491,mbp_median > q0.65 (89) AND platelets_slope <= q0.35 (-0.07924) AND resp_rate_std <= q0.35 (1.78),3,"mbp_median,platelets_slope,resp_rate_std","perfusion,organ_failure,respiratory",3,1506,0.11900434610825761,0.1952191235059761,0.48738379814077026,-0.2921646746347942,-0.3243838052679893,-0.259945544001599,1.1363867465882473e-70,131.52193198207468,8.675564409030546,8.2,6.102817713159106e-69,-29.216467463479418,-32.43838052679893,-25.994554400159902,29.216467463479418,True,benefit | mbp > ; platelets <= ; resp_rate <=,1.0
R195-408,glucose_lab_std <= q0.20 (0) AND platelets_slope <= q0.35 (-0.07924),2,"glucose_lab_std,platelets_slope","other,organ_failure",2,1951,0.15416831291979455,0.1875961045617632,0.4618144541260892,-0.274218349564326,-0.30231601264786795,-0.24612068648078406,1.4604007266773523e-81,130.81239672467171,8.424961558175294,8.1,4.235162107364322e-79,-27.4218349564326,-30.231601264786796,-24.612068648078406,27.4218349564326,True,benefit | glucose_lab <= ; platelets <=,1.0
R171-261-491,dbp_median > q0.65 (72) AND hemoglobin_slope <= q0.35 (-0.006063) AND resp_rate_std <= q0.35 (1.78),3,"dbp_median,hemoglobin_slope,resp_rate_std","perfusion,anemia,respiratory",3,1454,0.11489529830106678,0.20426409903713894,0.5,-0.29573590096286106,-0.3287505774506909,-0.2627212244750312,5.247834534007206e-69,130.81099272779758,8.264511691884456,8.1,2.3779250232220153e-67,-29.573590096286107,-32.87505774506909,-26.272122447503122,29.573590096286107,True,benefit | dbp > ; hemoglobin <= ; resp_rate <=,1.0
R157-261-556,dbp_delta <= q0.35 (-8.606) AND hemoglobin_slope <= q0.35 (-0.006063) AND sodium_std <= q0.35 (0.2074),3,"dbp_delta,hemoglobin_slope,sodium_std","perfusion,anemia,other",3,1127,0.08905570920584749,0.1774622892635315,0.5128660159716061,-0.3354037267080746,-0.37213484432836225,-0.298672609087787,1.2356922457555951e-71,130.61342896535166,8.118899733806566,7.9,8.2379483050373e-70,-33.540372670807464,-37.213484432836225,-29.867260908778697,33.540372670807464,True,benefit | dbp <= ; hemoglobin <= ; sodium <=,1.0
R196-233-284,glucose_lab_std <= q0.35 (0) AND heart_rate_median <= q0.35 (70) AND lactate_slope > q0.65 (0.0002952),3,"glucose_lab_std,heart_rate_median,lactate_slope","other,perfusion,perfusion",2,1703,0.1345713156854998,0.19553728714034058,0.4867880211391662,-0.2912507339988256,-0.3215557264364563,-0.26094574156119493,3.765322639074889e-79,129.80699851840436,9.016030534351145,8.2,6.4231974431277516e-77,-29.125073399882563,-32.15557264364563,-26.094574156119492,29.125073399882563,True,benefit | glucose_lab <= ; heart_rate <= ; lactate >,1.0
R171-261-556,dbp_median > q0.65 (72) AND hemoglobin_slope <= q0.35 (-0.006063) AND sodium_std <= q0.35 (0.2074),3,"dbp_median,hemoglobin_slope,sodium_std","perfusion,anemia,other",3,1112,0.08787040695377321,0.18255395683453238,0.5179856115107914,-0.335431654676259,-0.3725542354137432,-0.2983090739387748,3.502101802430167e-70,129.75210953220588,8.10089928057554,7.9,1.8135884334013362e-68,-33.543165467625904,-37.25542354137432,-29.83090739387748,33.543165467625904,True,benefit | dbp > ; hemoglobin <= ; sodium <=,1.0
R171-408-491,dbp_median > q0.65 (72) AND platelets_slope <= q0.35 (-0.07924) AND resp_rate_std <= q0.35 (1.78),3,"dbp_median,platelets_slope,resp_rate_std","perfusion,organ_failure,respiratory",3,1487,0.11750296325563019,0.19905850706119704,0.48890383322125086,-0.2898453261600538,-0.322363589555988,-0.25732706276411965,2.4213193144078065e-68,129.65216556220622,8.65917955615333,8.2,1.003118001683234e-66,-28.98453261600538,-32.236358955598796,-25.732706276411964,28.98453261600538,True,benefit | dbp > ; platelets <= ; resp_rate <=,1.0
R196-284-352,glucose_lab_std <= q0.35 (0) AND lactate_slope > q0.65 (0.0002952) AND mbp_median > q0.65 (89),3,"glucose_lab_std,lactate_slope,mbp_median","other,perfusion,perfusion",2,1675,0.13235875148162782,0.191044776119403,0.4823880597014925,-0.2913432835820895,-0.32179182002114315,-0.26089474714303584,1.794542471785281e-78,128.7763679070942,8.995044776119403,8.2,2.891207315654064e-76,-29.13432835820895,-32.17918200211432,-26.089474714303584,29.13432835820895,True,benefit | glucose_lab <= ; lactate > ; mbp >,1.0
R171-261-408,dbp_median > q0.65 (72) AND hemoglobin_slope <= q0.35 (-0.006063) AND platelets_slope <= q0.35 (-0.07924),3,"dbp_median,hemoglobin_slope,platelets_slope","perfusion,anemia,organ_failure",3,1837,0.14516001580403004,0.22427871529667937,0.48285247686445293,-0.25857376156777356,-0.2883398926201307,-0.22880763051541642,5.2490747946726225e-65,128.55738230209036,8.260642351660316,8.1,1.6023491478474323e-63,-25.857376156777356,-28.83398926201307,-22.880763051541642,25.857376156777356,True,benefit | dbp > ; hemoglobin <= ; platelets <=,1.0
R157-261-473,dbp_delta <= q0.35 (-8.606) AND hemoglobin_slope <= q0.35 (-0.006063) AND resp_rate_max <= q0.35 (20),3,"dbp_delta,hemoglobin_slope,resp_rate_max","perfusion,anemia,respiratory",3,1525,0.12050572896088503,0.2039344262295082,0.48721311475409834,-0.28327868852459015,-0.31550165263603314,-0.25105572441314716,1.5608126015314412e-66,128.32368254394564,8.314950819672132,8.1,5.356634963835715e-65,-28.327868852459016,-31.550165263603315,-25.105572441314717,28.327868852459016,True,benefit | dbp <= ; hemoglobin <= ; resp_rate <=,1.0
R157-408-556,dbp_delta <= q0.35 (-8.606) AND platelets_slope <= q0.35 (-0.07924) AND sodium_std <= q0.35 (0.2074),3,"dbp_delta,platelets_slope,sodium_std","perfusion,organ_failure,other",3,1156,0.09134729355985777,0.1704152249134948,0.49567474048442905,-0.32525951557093424,-0.36132258525193894,-0.28919644588992954,6.239233043814129e-70,128.28235294117644,8.472577854671279,8.0,3.1196165219070643e-68,-32.52595155709342,-36.1322585251939,-28.919644588992956,32.52595155709342,True,benefit | dbp <= ; platelets <= ; sodium <=,1.0
R171-195-284,dbp_median > q0.65 (72) AND glucose_lab_std <= q0.20 (0) AND lactate_slope > q0.65 (0.0002952),3,"dbp_median,glucose_lab_std,lactate_slope","perfusion,other,perfusion",2,1645,0.12998814697747926,0.1890577507598784,0.48145896656534953,-0.2924012158054711,-0.3230780187309965,-0.26172441287994574,6.927110689142278e-78,128.08134535269227,9.004620060790273,8.2,9.566009999291717e-76,-29.24012158054711,-32.30780187309965,-26.172441287994573,29.24012158054711,True,benefit | dbp > ; glucose_lab <= ; lactate >,1.0
R157-408-473,dbp_delta <= q0.35 (-8.606) AND platelets_slope <= q0.35 (-0.07924) AND resp_rate_max <= q0.35 (20),3,"dbp_delta,platelets_slope,resp_rate_max","perfusion,organ_failure,respiratory",3,1584,0.12516791781904385,0.19507575757575757,0.4722222222222222,-0.27714646464646464,-0.3085352822696922,-0.2457576470232371,4.256919337964546e-67,127.95136426065027,8.667992424242422,8.2,1.5528385006411553e-65,-27.714646464646464,-30.853528226969217,-24.57576470232371,27.714646464646464,True,benefit | dbp <= ; platelets <= ; resp_rate <=,1.0
R157-261-427,dbp_delta <= q0.35 (-8.606) AND hemoglobin_slope <= q0.35 (-0.006063) AND potassium_std <= q0.35 (0.04242),3,"dbp_delta,hemoglobin_slope,potassium_std","perfusion,anemia,other",3,1128,0.08913472935598578,0.18262411347517732,0.5097517730496454,-0.32712765957446804,-0.3639986259999394,-0.2902566931489967,9.897580741971754e-68,127.44705534022201,8.120301418439716,7.9,3.7767084410155373e-66,-32.712765957446805,-36.39986259999394,-29.025669314899673,32.712765957446805,True,benefit | dbp <= ; hemoglobin <= ; potassium <=,1.0
R352-408-556,mbp_median > q0.65 (89) AND platelets_slope <= q0.35 (-0.07924) AND sodium_std <= q0.35 (0.2074),3,"mbp_median,platelets_slope,sodium_std","perfusion,organ_failure,other",3,1147,0.0906361122086132,0.1822144725370532,0.5047951176983435,-0.3225806451612903,-0.35913633825435587,-0.28602495206822476,5.0641189140289175e-67,126.72958256371791,8.526591107236268,8.0,1.8243409752402314e-65,-32.25806451612903,-35.91363382543559,-28.602495206822475,32.25806451612903,True,benefit | mbp > ; platelets <= ; sodium <=,1.0
R195-261,glucose_lab_std <= q0.20 (0) AND hemoglobin_slope <= q0.35 (-0.006063),2,"glucose_lab_std,hemoglobin_slope","other,anemia",2,1871,0.14784670090873173,0.20309994655264565,0.4740780331373597,-0.270978086584714,-0.300033986370789,-0.24192218679863903,1.2130950005071495e-74,126.58866536051009,8.105398182789953,7.9,1.1726585004902445e-72,-27.0978086584714,-30.0033986370789,-24.192218679863903,27.0978086584714,True,benefit | glucose_lab <= ; hemoglobin <=,1.0
R171-408-556,dbp_median > q0.65 (72) AND platelets_slope <= q0.35 (-0.07924) AND sodium_std <= q0.35 (0.2074),3,"dbp_median,platelets_slope,sodium_std","perfusion,organ_failure,other",3,1138,0.08992493085736863,0.1827768014059754,0.5035149384885764,-0.320738137082601,-0.35745500595528,-0.284021268209922,1.0265110977355036e-65,125.51040259647684,8.519947275922672,8.0,3.344811442059506e-64,-32.073813708260104,-35.745500595528,-28.4021268209922,32.073813708260104,True,benefit | dbp > ; platelets <= ; sodium <=,1.0
R196-261-606,glucose_lab_std <= q0.35 (0) AND hemoglobin_slope <= q0.35 (-0.006063) AND spo2_std <= q0.35 (0.8245),3,"glucose_lab_std,hemoglobin_slope,spo2_std","other,anemia,respiratory",3,1033,0.08162781509284868,0.18393030009680542,0.5198451113262342,-0.3359148112294288,-0.37446942062594796,-0.2973602018329096,2.2054590024489623e-65,125.23834021043268,8.01403678606002,7.9,6.877237749572032e-64,-33.59148112294288,-37.44694206259479,-29.73602018329096,33.59148112294288,True,benefit | glucose_lab <= ; hemoglobin <= ; spo2 <=,1.0
R352-408,mbp_median > q0.65 (89) AND platelets_slope <= q0.35 (-0.07924),2,"mbp_median,platelets_slope","perfusion,organ_failure",2,2148,0.16973528249703673,0.2206703910614525,0.47067039106145253,-0.25,-0.27744347838879,-0.22255652161120998,2.648516491305321e-71,125.13560644356986,8.71792364990689,8.3,1.6169890157443012e-69,-25.0,-27.744347838879,-22.255652161121,25.0,True,benefit | mbp > ; platelets <=,1.0
R157-261-352,dbp_delta <= q0.35 (-8.606) AND hemoglobin_slope <= q0.35 (-0.006063) AND mbp_median > q0.65 (89),3,"dbp_delta,hemoglobin_slope,mbp_median","perfusion,anemia,perfusion",2,1811,0.14310549190043462,0.21866372170071782,0.49088901159580345,-0.27222528989508565,-0.3021009578799565,-0.24234962191021478,2.4424144410450916e-71,125.1155961580644,8.336609607951408,8.1,1.5070216763895246e-69,-27.222528989508564,-30.210095787995648,-24.234962191021477,27.222528989508564,True,benefit | dbp <= ; hemoglobin <= ; mbp >,1.0
R171-261-426,dbp_median > q0.65 (72) AND hemoglobin_slope <= q0.35 (-0.006063) AND potassium_std <= q0.20 (0),3,"dbp_median,hemoglobin_slope,potassium_std","perfusion,anemia,other",3,1043,0.08241801659423154,0.1850431447746884,0.5186960690316395,-0.33365292425695103,-0.37205807691290316,-0.2952477716009989,5.098754130902902e-65,124.99570170941611,8.072387344199425,7.9,1.5730198914487678e-63,-33.3652924256951,-37.20580769129032,-29.52477716009989,33.3652924256951,True,benefit | dbp > ; hemoglobin <= ; potassium <=,1.0
R157-261-408,dbp_delta <= q0.35 (-8.606) AND hemoglobin_slope <= q0.35 (-0.006063) AND platelets_slope <= q0.35 (-0.07924),3,"dbp_delta,hemoglobin_slope,platelets_slope","perfusion,anemia,organ_failure",3,1908,0.15077044646384827,0.22955974842767296,0.4758909853249476,-0.24633123689727465,-0.2756276725617846,-0.21703480123276472,5.0970642702372154e-61,124.81496577470877,8.28883647798742,8.1,1.044628012981479e-59,-24.633123689727466,-27.56276725617846,-21.70348012327647,24.633123689727466,True,benefit | dbp <= ; hemoglobin <= ; platelets <=,1.0
R157-408-427,dbp_delta <= q0.35 (-8.606) AND platelets_slope <= q0.35 (-0.07924) AND potassium_std <= q0.35 (0.04242),3,"dbp_delta,platelets_slope,potassium_std","perfusion,organ_failure,other",3,1143,0.09032003160806006,0.17672790901137359,0.49343832020997375,-0.31671041119860016,-0.3531673247966528,-0.2802534976005475,5.177916184590186e-65,124.20624847800482,8.473228346456693,8.0,1.588990151884819e-63,-31.671041119860018,-35.31673247966528,-28.025349760054752,31.671041119860018,True,benefit | dbp <= ; platelets <= ; potassium <=,1.0
R167-261-352,dbp_mean > q0.65 (70.6) AND hemoglobin_slope <= q0.35 (-0.006063) AND mbp_median > q0.65 (89),3,"dbp_mean,hemoglobin_slope,mbp_median","perfusion,anemia,perfusion",2,1801,0.14231529039905175,0.21710161021654636,0.4880621876735147,-0.27096057745696833,-0.3008855578946979,-0.24103559701923877,1.8136699370517592e-70,124.19002687911546,8.322876179900055,8.1,9.65072076596349e-69,-27.096057745696832,-30.08855578946979,-24.103559701923878,27.096057745696832,True,benefit | dbp > ; hemoglobin <= ; mbp >,1.0
R233-352-408,heart_rate_median <= q0.35 (70) AND mbp_median > q0.65 (89) AND platelets_slope <= q0.35 (-0.07924),3,"heart_rate_median,mbp_median,platelets_slope","perfusion,perfusion,organ_failure",2,1826,0.1442907941525089,0.20755750273822562,0.4759036144578313,-0.26834611171960565,-0.2978549215018151,-0.23883730193739622,4.621042511410404e-71,123.84242540736052,8.683734939759036,8.25,2.707277430927307e-69,-26.834611171960564,-29.785492150181508,-23.883730193739623,26.834611171960564,True,benefit | heart_rate <= ; mbp > ; platelets <=,1.0
R352-408-426,mbp_median > q0.65 (89) AND platelets_slope <= q0.35 (-0.07924) AND potassium_std <= q0.20 (0),3,"mbp_median,platelets_slope,potassium_std","perfusion,organ_failure,other",3,1056,0.08344527854602923,0.17992424242424243,0.5056818181818182,-0.3257575757575758,-0.3637855491630684,-0.2877296023520832,2.8946304851772046e-63,122.79607140098233,8.478030303030302,8.0,7.331378521409513e-62,-32.57575757575758,-36.37855491630684,-28.772960235208323,32.57575757575758,True,benefit | mbp > ; platelets <= ; potassium <=,1.0
R167-261-606,dbp_mean > q0.65 (70.6) AND hemoglobin_slope <= q0.35 (-0.006063) AND spo2_std <= q0.35 (0.8245),3,"dbp_mean,hemoglobin_slope,spo2_std","perfusion,anemia,respiratory",3,1263,0.09980244962465429,0.21060965954077593,0.5083135391923991,-0.29770387965162315,-0.3332831589384176,-0.2621246003648287,1.9128903638207586e-60,122.72814184720156,8.247347585114806,8.0,3.625739905281176e-59,-29.770387965162314,-33.32831589384176,-26.21246003648287,29.770387965162314,True,benefit | dbp > ; hemoglobin <= ; spo2 <=,1.0
R171-408-426,dbp_median > q0.65 (72) AND platelets_slope <= q0.35 (-0.07924) AND potassium_std <= q0.20 (0),3,"dbp_median,platelets_slope,potassium_std","perfusion,organ_failure,other",3,1053,0.08320821809561438,0.18233618233618235,0.5071225071225072,-0.32478632478632485,-0.3629411563368578,-0.2866314932357919,1.709016625422237e-62,122.2559232480405,8.456125356125355,8.0,3.933450963273402e-61,-32.478632478632484,-36.29411563368578,-28.66314932357919,32.478632478632484,True,benefit | dbp > ; platelets <= ; potassium <=,1.0
R352-408-606,mbp_median > q0.65 (89) AND platelets_slope <= q0.35 (-0.07924) AND spo2_std <= q0.35 (0.8245),3,"mbp_median,platelets_slope,spo2_std","perfusion,organ_failure,respiratory",3,1274,0.10067167127617542,0.20251177394034536,0.49686028257456827,-0.2943485086342229,-0.32957354691360424,-0.25912347035484157,2.736790700226289e-60,121.87216969301436,8.710910518053376,8.2,5.137018142819572e-59,-29.43485086342229,-32.95735469136042,-25.912347035484157,29.43485086342229,True,benefit | mbp > ; platelets <= ; spo2 <=,1.0
R196-261-536,glucose_lab_std <= q0.35 (0) AND hemoglobin_slope <= q0.35 (-0.006063) AND sbp_std <= q0.35 (8.594),3,"glucose_lab_std,hemoglobin_slope,sbp_std","other,anemia,perfusion",3,1097,0.08668510470169893,0.19143117593436645,0.5068368277119416,-0.3154056517775752,-0.35305348944256554,-0.2777578141125848,1.3651192609675833e-60,121.17995146930829,7.992889699179582,7.8,2.6304623633262403e-59,-31.540565177757518,-35.30534894425655,-27.77578141125848,31.540565177757518,True,benefit | glucose_lab <= ; hemoglobin <= ; sbp <=,1.0
R195-408-536,glucose_lab_std <= q0.20 (0) AND platelets_slope <= q0.35 (-0.07924) AND sbp_std <= q0.35 (8.594),3,"glucose_lab_std,platelets_slope,sbp_std","other,organ_failure,perfusion",3,1111,0.08779138680363492,0.18721872187218722,0.5004500450045004,-0.31323132313231317,-0.35052220202036266,-0.27594044424426367,6.725411056010489e-61,121.11005565417781,8.373357335733573,7.9,1.3497364749086795e-59,-31.323132313231316,-35.05222020203627,-27.594044424426368,31.323132313231316,True,benefit | glucose_lab <= ; platelets <= ; sbp <=,1.0
R195-408-606,glucose_lab_std <= q0.20 (0) AND platelets_slope <= q0.35 (-0.07924) AND spo2_std <= q0.35 (0.8245),3,"glucose_lab_std,platelets_slope,spo2_std","other,organ_failure,respiratory",3,1051,0.08305017779533781,0.18363463368220742,0.50523311132255,-0.32159847764034255,-0.35983008695086804,-0.28336686832981706,4.5332064077731063e-61,120.94093768916362,8.383444338725024,8.0,9.45776876441871e-60,-32.159847764034254,-35.9830086950868,-28.336686832981705,32.159847764034254,True,benefit | glucose_lab <= ; platelets <= ; spo2 <=,1.0
R171-284-408,dbp_median > q0.65 (72) AND lactate_slope > q0.65 (0.0002952) AND platelets_slope <= q0.35 (-0.07924),3,"dbp_median,lactate_slope,platelets_slope","perfusion,perfusion,organ_failure",2,1730,0.1367048597392335,0.21098265895953758,0.4797687861271676,-0.26878612716763006,-0.2991817349827712,-0.23839051935248895,2.6914398443958606e-67,120.74069094910402,8.612254335260117,8.2,1.0136591621750643e-65,-26.878612716763005,-29.918173498277117,-23.839051935248897,26.878612716763005,True,benefit | dbp > ; lactate > ; platelets <=,1.0
R196-284-606,glucose_lab_std <= q0.35 (0) AND lactate_slope > q0.65 (0.0002952) AND spo2_std <= q0.35 (0.8245),3,"glucose_lab_std,lactate_slope,spo2_std","other,perfusion,respiratory",3,1212,0.09577242196760175,0.2037953795379538,0.5024752475247525,-0.2986798679867987,-0.334828229803998,-0.26253150616959936,5.494866483591283e-59,120.61886842091461,9.250577557755776,8.3,8.801509754527994e-58,-29.86798679867987,-33.4828229803998,-26.253150616959935,29.86798679867987,True,benefit | glucose_lab <= ; lactate > ; spo2 <=,1.0
R171-261-284,dbp_median > q0.65 (72) AND hemoglobin_slope <= q0.35 (-0.006063) AND lactate_slope > q0.65 (0.0002952),3,"dbp_median,hemoglobin_slope,lactate_slope","perfusion,anemia,perfusion",2,1679,0.13267483208218095,0.21620011911852294,0.48779035139964266,-0.2715902322811197,-0.30256425292048494,-0.2406162116417545,3.385687343769892e-66,120.18859272048672,8.244490768314472,8.1,1.12211351964945e-64,-27.159023228111973,-30.256425292048494,-24.06162116417545,27.159023228111973,True,benefit | dbp > ; hemoglobin <= ; lactate >,1.0
R171-408,dbp_median > q0.65 (72) AND platelets_slope <= q0.35 (-0.07924),2,"dbp_median,platelets_slope","perfusion,organ_failure",2,2151,0.1699723429474516,0.2310553231055323,0.4709437470943747,-0.2398884239888424,-0.2674980506236829,-0.21227879735400185,4.952902979846903e-65,120.1581551931213,8.675127847512785,8.3,1.5361945071182908e-63,-23.988842398884238,-26.749805062368292,-21.227879735400183,23.988842398884238,True,benefit | dbp > ; platelets <=,1.0
R167-408-606,dbp_mean > q0.65 (70.6) AND platelets_slope <= q0.35 (-0.07924) AND spo2_std <= q0.35 (0.8245),3,"dbp_mean,platelets_slope,spo2_std","perfusion,organ_failure,respiratory",3,1291,0.10201501382852628,0.20759101471727343,0.4957397366382649,-0.2881487219209915,-0.32326788273863905,-0.25302956110334396,3.4352079653742985e-58,120.09856215653943,8.677769171185128,8.2,5.14837369487621e-57,-28.814872192099152,-32.326788273863905,-25.302956110334396,28.814872192099152,True,benefit | dbp > ; platelets <= ; spo2 <=,1.0
R167-284-473,dbp_mean > q0.65 (70.6) AND lactate_slope > q0.65 (0.0002952) AND resp_rate_max <= q0.35 (20),3,"dbp_mean,lactate_slope,resp_rate_max","perfusion,perfusion,respiratory",2,1553,0.12271829316475702,0.20283322601416612,0.48486799742434,-0.28203477141017386,-0.3139380782720534,-0.2501314645482943,2.9435575479609088e-67,120.03617226873664,9.254861558274307,8.5,1.0874289030683612e-65,-28.203477141017387,-31.39380782720534,-25.01314645482943,28.203477141017387,True,benefit | dbp > ; lactate > ; resp_rate <=,1.0
R157-408,dbp_delta <= q0.35 (-8.606) AND platelets_slope <= q0.35 (-0.07924),2,"dbp_delta,platelets_slope","perfusion,organ_failure",2,2299,0.1816673251679178,0.23227490213136145,0.46367986080904744,-0.23140495867768598,-0.25811672569732425,-0.20469319165804772,1.1637972014988547e-64,119.83009459333637,8.64058286211396,8.2,3.426408004412872e-63,-23.1404958677686,-25.811672569732423,-20.469319165804773,23.1404958677686,True,benefit | dbp <= ; platelets <=,1.0
R285-352-408,lactate_slope > q0.80 (0.002694) AND mbp_median > q0.65 (89) AND platelets_slope <= q0.35 (-0.07924),3,"lactate_slope,mbp_median,platelets_slope","perfusion,perfusion,organ_failure",2,1425,0.1126037139470565,0.20350877192982456,0.4968421052631579,-0.29333333333333333,-0.3266637680169102,-0.26000289864975645,1.1287189480339508e-66,119.58937745468867,8.622736842105263,8.2,3.943716806383683e-65,-29.333333333333332,-32.66637680169102,-26.000289864975645,29.333333333333332,True,benefit | lactate > ; mbp > ; platelets <=,1.0
R195-233-352,glucose_lab_std <= q0.20 (0) AND heart_rate_median <= q0.35 (70) AND mbp_median > q0.65 (89),3,"glucose_lab_std,heart_rate_median,mbp_median","other,perfusion,perfusion",2,2542,0.20086922165152113,0.23800157356412274,0.45712037765538943,-0.2191188040912667,-0.2445964363507416,-0.19364117183179178,9.342366546731331e-64,119.31393733016853,10.59748229740362,9.5,2.3975984942938817e-62,-21.91188040912667,-24.459643635074162,-19.36411718317918,21.91188040912667,True,benefit | glucose_lab <= ; heart_rate <= ; mbp >,1.0
R285-352-473,lactate_slope > q0.80 (0.002694) AND mbp_median > q0.65 (89) AND resp_rate_max <= q0.35 (20),3,"lactate_slope,mbp_median,resp_rate_max","perfusion,perfusion,respiratory",2,1385,0.10944290794152509,0.2007220216606498,0.49747292418772565,-0.2967509025270758,-0.33049119002350963,-0.263010615030642,1.3654607196058374e-66,119.27260115500789,9.092346570397114,8.4,4.714090579591582e-65,-29.67509025270758,-33.04911900235096,-26.3010615030642,29.67509025270758,True,benefit | lactate > ; mbp > ; resp_rate <=,1.0
R171-261,dbp_median > q0.65 (72) AND hemoglobin_slope <= q0.35 (-0.006063),2,"dbp_median,hemoglobin_slope","perfusion,anemia",2,2153,0.17013038324772817,0.24291686019507663,0.48026010218300047,-0.23734324198792384,-0.26515560709927033,-0.20953087687657737,8.458160248185163e-63,118.93855029356928,8.277984208081746,8.1,2.0188201415421377e-61,-23.734324198792383,-26.515560709927033,-20.95308768765774,23.734324198792383,True,benefit | dbp > ; hemoglobin <=,1.0
R196-352-473,glucose_lab_std <= q0.35 (0) AND mbp_median > q0.65 (89) AND resp_rate_max <= q0.35 (20),3,"glucose_lab_std,mbp_median,resp_rate_max","other,perfusion,respiratory",3,2404,0.18996444093243778,0.24459234608985025,0.45299500831946754,-0.20840266222961729,-0.23469388248024287,-0.1821114419789917,1.969266770992769e-54,118.5300543197305,10.891056572379368,10.45,2.1309229984623247e-53,-20.840266222961727,-23.469388248024288,-18.21114419789917,20.840266222961727,True,benefit | glucose_lab <= ; mbp > ; resp_rate <=,1.0
R171-196-233,dbp_median > q0.65 (72) AND glucose_lab_std <= q0.35 (0) AND heart_rate_median <= q0.35 (70),3,"dbp_median,glucose_lab_std,heart_rate_median","perfusion,other,perfusion",2,2532,0.2000790201501383,0.23973143759873616,0.457740916271722,-0.2180094786729858,-0.24356577459073192,-0.1924531827552397,9.388486745531956e-63,118.47616353939819,10.606793048973143,9.5,2.1956944808098928e-61,-21.800947867298582,-24.356577459073193,-19.24531827552397,21.800947867298582,True,benefit | dbp > ; glucose_lab <= ; heart_rate <=,1.0
R157-261-284,dbp_delta <= q0.35 (-8.606) AND hemoglobin_slope <= q0.35 (-0.006063) AND lactate_slope > q0.65 (0.0002952),3,"dbp_delta,hemoglobin_slope,lactate_slope","perfusion,anemia,perfusion",2,1778,0.1404978269458712,0.22103487064116986,0.48087739032620924,-0.25984251968503935,-0.29003161239789893,-0.2296534269721798,7.474000149236295e-64,118.33135911997756,8.242238470191227,8.1,1.952666705656329e-62,-25.984251968503933,-29.003161239789893,-22.96534269721798,25.984251968503933,True,benefit | dbp <= ; hemoglobin <= ; lactate >,1.0
R288-427-491,lactate_std > q0.65 (0.3523) AND potassium_std <= q0.35 (0.04242) AND resp_rate_std <= q0.35 (1.78),3,"lactate_std,potassium_std,resp_rate_std","perfusion,other,respiratory",3,1017,0.08036349269063611,0.19567354965585054,0.5142576204523107,-0.3185840707964602,-0.3578024779419146,-0.27936566365100574,4.478416834935922e-57,117.85351039109706,9.237069813176008,8.3,6.0830954666576925e-56,-31.858407079646017,-35.78024779419146,-27.936566365100575,31.858407079646017,True,benefit | lactate > ; potassium <= ; resp_rate <=,1.0
R157-261,dbp_delta <= q0.35 (-8.606) AND hemoglobin_slope <= q0.35 (-0.006063),2,"dbp_delta,hemoglobin_slope","perfusion,anemia",2,2224,0.17574081390754642,0.2468525179856115,0.47751798561151076,-0.23066546762589926,-0.2580899433587806,-0.2032409918930179,4.6694897261130423e-61,117.48264864997279,8.299370503597121,8.1,9.638092673115887e-60,-23.066546762589926,-25.80899433587806,-20.32409918930179,23.066546762589926,True,benefit | dbp <= ; hemoglobin <=,1.0
R171-284-556,dbp_median > q0.65 (72) AND lactate_slope > q0.65 (0.0002952) AND sodium_std <= q0.35 (0.2074),3,"dbp_median,lactate_slope,sodium_std","perfusion,perfusion,other",2,1314,0.10383247728170683,0.19406392694063926,0.4931506849315068,-0.2990867579908676,-0.33355442092141746,-0.2646190950603177,7.221057160896567e-65,117.08968111946302,9.266514459665146,8.3,2.1813610173541712e-63,-29.908675799086758,-33.35544209214174,-26.461909506031773,29.908675799086758,True,benefit | dbp > ; lactate > ; sodium <=,1.0
R196-284-556,glucose_lab_std <= q0.35 (0) AND lactate_slope > q0.65 (0.0002952) AND sodium_std <= q0.35 (0.2074),3,"glucose_lab_std,lactate_slope,sodium_std","other,perfusion,other",2,1503,0.11876728565784275,0.20226214238190285,0.48170326014637393,-0.2794411177644711,-0.31185318144898666,-0.24702905407995557,4.640804447019208e-64,117.00207275916152,9.37332002661344,8.4,1.24039934528624e-62,-27.944111776447112,-31.185318144898666,-24.70290540799556,27.944111776447112,True,benefit | glucose_lab <= ; lactate > ; sodium <=,1.0
R171-196-473,dbp_median > q0.65 (72) AND glucose_lab_std <= q0.35 (0) AND resp_rate_max <= q0.35 (20),3,"dbp_median,glucose_lab_std,resp_rate_max","perfusion,other,respiratory",3,2375,0.1876728565784275,0.24336842105263157,0.44926315789473686,-0.2058947368421053,-0.23231565333191137,-0.17947382035229922,1.1392274402598232e-52,116.39519208735655,10.904336842105263,10.6,1.0831998612306516e-51,-20.589473684210528,-23.23156533319114,-17.94738203522992,20.589473684210528,True,benefit | dbp > ; glucose_lab <= ; resp_rate <=,1.0
R196-233-473,glucose_lab_std <= q0.35 (0) AND heart_rate_median <= q0.35 (70) AND resp_rate_max <= q0.35 (20),3,"glucose_lab_std,heart_rate_median,resp_rate_max","other,perfusion,respiratory",3,2468,0.19502173054128802,0.24716369529983792,0.44894651539708263,-0.20178282009724471,-0.22775818674376772,-0.1758074534507217,2.3862219570210873e-52,116.2826055074363,10.887398703403566,10.4,2.179541315074379e-51,-20.178282009724473,-22.775818674376772,-17.58074534507217,20.178282009724473,True,benefit | glucose_lab <= ; heart_rate <= ; resp_rate <=,1.0
R195-408-470,glucose_lab_std <= q0.20 (0) AND platelets_slope <= q0.35 (-0.07924) AND resp_rate_delta > q0.65 (1.981),3,"glucose_lab_std,platelets_slope,resp_rate_delta","other,organ_failure,respiratory",3,1040,0.08218095614381667,0.17596153846153847,0.48653846153846153,-0.3105769230769231,-0.34876588015344157,-0.2723879660004046,3.3452289652328155e-57,116.18333588971156,8.489903846153846,8.2,4.630627207243516e-56,-31.057692307692307,-34.876588015344154,-27.23879660004046,31.057692307692307,True,benefit | glucose_lab <= ; platelets <= ; resp_rate >,1.0
R233-352-473,heart_rate_median <= q0.35 (70) AND mbp_median > q0.65 (89) AND resp_rate_max <= q0.35 (20),3,"heart_rate_median,mbp_median,resp_rate_max","perfusion,perfusion,respiratory",2,2534,0.20023706045041487,0.24506708760852408,0.4581689029202841,-0.21310181531176003,-0.23873052536415448,-0.18747310525936559,1.0309769829155642e-59,115.85484753992986,10.532636148382005,9.7,1.7743817510119503e-58,-21.310181531176003,-23.873052536415447,-18.74731052593656,21.310181531176003,True,benefit | heart_rate <= ; mbp > ; resp_rate <=,1.0
R171-284-427,dbp_median > q0.65 (72) AND lactate_slope > q0.65 (0.0002952) AND potassium_std <= q0.35 (0.04242),3,"dbp_median,lactate_slope,potassium_std","perfusion,perfusion,other",2,1319,0.10422757803239827,0.19939347990902198,0.4935557240333586,-0.29416224412433667,-0.32870130844410983,-0.2596231798045635,1.4756160708445931e-62,115.38067711713735,9.248900682335101,8.3,3.409790123864e-61,-29.416224412433667,-32.87013084441098,-25.96231798045635,29.416224412433667,True,benefit | dbp > ; lactate > ; potassium <=,1.0
R288-491-556,lactate_std > q0.65 (0.3523) AND resp_rate_std <= q0.35 (1.78) AND sodium_std <= q0.35 (0.2074),3,"lactate_std,resp_rate_std,sodium_std","perfusion,respiratory,other",3,1034,0.08170683524298696,0.19825918762088976,0.5067698259187621,-0.3085106382978723,-0.34748759167271287,-0.2695336849230317,2.797956177524257e-54,115.07696591892912,9.240135396518374,8.4,2.9721878808865735e-53,-30.85106382978723,-34.74875916727129,-26.95336849230317,30.85106382978723,True,benefit | lactate > ; resp_rate <= ; sodium <=,1.0
R171-195-352,dbp_median > q0.65 (72) AND glucose_lab_std <= q0.20 (0) AND mbp_median > q0.65 (89),3,"dbp_median,glucose_lab_std,mbp_median","perfusion,other,perfusion",2,2940,0.23231924140655869,0.2523809523809524,0.4486394557823129,-0.19625850340136053,-0.2201283159608486,-0.17238869084187247,1.995359057985907e-58,114.92801438202925,10.93312925170068,10.7,3.069783166132165e-57,-19.625850340136054,-22.012831596084858,-17.238869084187247,19.625850340136054,True,benefit | dbp > ; glucose_lab <= ; mbp >,1.0
R195-352,glucose_lab_std <= q0.20 (0) AND mbp_median > q0.65 (89),2,"glucose_lab_std,mbp_median","other,perfusion",2,3072,0.24274990122481233,0.2568359375,0.4485677083333333,-0.19173177083333331,-0.21514139898692677,-0.16832214267973986,5.4484844567417014e-58,114.77001663653274,10.975553385416665,10.9,8.020611636827885e-57,-19.173177083333332,-21.514139898692676,-16.832214267973985,19.173177083333332,True,benefit | glucose_lab <= ; mbp >,1.0
R288-427-606,lactate_std > q0.65 (0.3523) AND potassium_std <= q0.35 (0.04242) AND spo2_std <= q0.35 (0.8245),3,"lactate_std,potassium_std,spo2_std","perfusion,other,respiratory",3,921,0.07277755827736072,0.20195439739413681,0.5266015200868621,-0.32464712269272533,-0.3660244371407439,-0.28326980824470677,2.2925415715289164e-53,114.28766570383002,9.323235613463627,8.3,2.2690684496361288e-52,-32.46471226927253,-36.60244371407439,-28.326980824470677,32.46471226927253,True,benefit | lactate > ; potassium <= ; spo2 <=,1.0
R195-352-606,glucose_lab_std <= q0.20 (0) AND mbp_median > q0.65 (89) AND spo2_std <= q0.35 (0.8245),3,"glucose_lab_std,mbp_median,spo2_std","other,perfusion,respiratory",3,2127,0.16807585934413274,0.2524682651622003,0.46497414198401504,-0.21250587682181477,-0.24061594929723867,-0.18439580434639086,1.1347724118348295e-49,113.68749023038909,11.17056887635167,14.0,8.135574769644018e-49,-21.250587682181475,-24.061594929723867,-18.439580434639087,21.250587682181475,True,benefit | glucose_lab <= ; mbp > ; spo2 <=,1.0
R196-261-359,glucose_lab_std <= q0.35 (0) AND hemoglobin_slope <= q0.35 (-0.006063) AND mbp_std <= q0.35 (7.214),3,"glucose_lab_std,hemoglobin_slope,mbp_std","other,anemia,perfusion",3,936,0.073962860529435,0.1955128205128205,0.5149572649572649,-0.3194444444444444,-0.360318657878311,-0.2785702310105778,5.797603220847985e-53,113.36820051887956,8.03386752136752,7.9,5.6137059567476314e-52,-31.944444444444443,-36.0318657878311,-27.85702310105778,31.944444444444443,True,benefit | glucose_lab <= ; hemoglobin <= ; mbp <=,1.0
R167-284-352,dbp_mean > q0.65 (70.6) AND lactate_slope > q0.65 (0.0002952) AND mbp_median > q0.65 (89),3,"dbp_mean,lactate_slope,mbp_median","perfusion,perfusion,perfusion",1,1938,0.15314105096799685,0.21878224974200206,0.4762641898864809,-0.25748194014447884,-0.2863479235674342,-0.22861595672152346,1.9299667603353933e-68,113.35055718085152,9.24282765737874,8.5,8.05309871219085e-67,-25.748194014447883,-28.63479235674342,-22.861595672152347,25.748194014447883,True,benefit | dbp > ; lactate > ; mbp >,1.0
R167-261-646,dbp_mean > q0.65 (70.6) AND hemoglobin_slope <= q0.35 (-0.006063) AND urea_std <= q0.35 (0.6436),3,"dbp_mean,hemoglobin_slope,urea_std","perfusion,anemia,organ_failure",3,920,0.07269853812722245,0.1934782608695652,0.5152173913043478,-0.32173913043478264,-0.3629038401732714,-0.2805744206962939,5.695039707912528e-53,113.20243967258871,8.193043478260869,8.0,5.53286939797197e-52,-32.173913043478265,-36.290384017327135,-28.05744206962939,32.173913043478265,True,benefit | dbp > ; hemoglobin <= ; urea <=,1.0
R352-408-536,mbp_median > q0.65 (89) AND platelets_slope <= q0.35 (-0.07924) AND sbp_std <= q0.35 (8.594),3,"mbp_median,platelets_slope,sbp_std","perfusion,organ_failure,perfusion",2,1276,0.100829711576452,0.20376175548589343,0.49686520376175547,-0.29310344827586204,-0.3283325971923555,-0.25787429935936856,8.796836402192708e-60,113.07589151264432,8.611050156739813,8.1,1.546110640385385e-58,-29.310344827586203,-32.83325971923555,-25.787429935936856,29.310344827586203,True,benefit | mbp > ; platelets <= ; sbp <=,1.0
R196-408-556,glucose_lab_std <= q0.35 (0) AND platelets_slope <= q0.35 (-0.07924) AND sodium_std <= q0.35 (0.2074),3,"glucose_lab_std,platelets_slope,sodium_std","other,organ_failure,other",2,1311,0.10359541683129198,0.1945080091533181,0.4836003051106026,-0.2890922959572845,-0.3236014741689613,-0.25458311774560766,1.3887409417819778e-60,113.04767103648554,8.407551487414187,8.0,2.6583159941701223e-59,-28.909229595728448,-32.360147416896126,-25.458311774560766,28.909229595728448,True,benefit | glucose_lab <= ; platelets <= ; sodium <=,1.0
R352-491,mbp_median > q0.65 (89) AND resp_rate_std <= q0.35 (1.78),2,"mbp_median,resp_rate_std","perfusion,respiratory",2,2825,0.22323192414065587,0.2584070796460177,0.4552212389380531,-0.19681415929203538,-0.22126475142475685,-0.17236356715931392,4.483399212986252e-56,112.9768134093965,10.68538053097345,10.1,5.59219686781081e-55,-19.68141592920354,-22.126475142475684,-17.236356715931393,19.68141592920354,True,benefit | mbp > ; resp_rate <=,1.0
R195-284-536,glucose_lab_std <= q0.20 (0) AND lactate_slope > q0.65 (0.0002952) AND sbp_std <= q0.35 (8.594),3,"glucose_lab_std,lactate_slope,sbp_std","other,perfusion,perfusion",2,1259,0.09948636902410114,0.19777601270849882,0.4924543288324067,-0.2946783161239079,-0.3299880436870189,-0.25936858856079686,3.8627441441305956e-60,112.92362211729203,9.194757744241462,8.2,7.001223761236704e-59,-29.46783161239079,-32.99880436870189,-25.936858856079688,29.46783161239079,True,benefit | glucose_lab <= ; lactate > ; sbp <=,1.0
R288-352,lactate_std > q0.65 (0.3523) AND mbp_median > q0.65 (89),2,"lactate_std,mbp_median","perfusion,perfusion",1,1946,0.1537732121691031,0.22713257965056527,0.48252826310380265,-0.2553956834532374,-0.2843691688759237,-0.22642219803055108,7.007413307387164e-67,112.66394928115159,9.05010277492292,8.4,2.463211950475488e-65,-25.539568345323737,-28.436916887592368,-22.64221980305511,25.539568345323737,True,benefit | lactate > ; mbp >,1.0
R196-261-556,glucose_lab_std <= q0.35 (0) AND hemoglobin_slope <= q0.35 (-0.006063) AND sodium_std <= q0.35 (0.2074),3,"glucose_lab_std,hemoglobin_slope,sodium_std","other,anemia,other",2,1317,0.10406953773212169,0.20804859529233105,0.49506454062262717,-0.2870159453302961,-0.3217976733900414,-0.25223421727055084,7.7239668540553395e-59,112.49226670459234,8.034624145785877,7.9,1.2273700754389306e-57,-28.701594533029613,-32.17976733900414,-25.223421727055083,28.701594533029613,True,benefit | glucose_lab <= ; hemoglobin <= ; sodium <=,1.0
R157-196-232,dbp_delta <= q0.35 (-8.606) AND glucose_lab_std <= q0.35 (0) AND heart_rate_median <= q0.20 (70),3,"dbp_delta,glucose_lab_std,heart_rate_median","perfusion,other,perfusion",2,2377,0.18783089687870408,0.2456878418174169,0.4589819099705511,-0.2132940681531342,-0.2397673371002726,-0.1868207992059958,3.5521435557851963e-56,112.3096629656436,10.43315103071098,9.2,4.469074321812177e-55,-21.32940681531342,-23.976733710027258,-18.68207992059958,21.32940681531342,True,benefit | dbp <= ; glucose_lab <= ; heart_rate <=,1.0
R157-261-606,dbp_delta <= q0.35 (-8.606) AND hemoglobin_slope <= q0.35 (-0.006063) AND spo2_std <= q0.35 (0.8245),3,"dbp_delta,hemoglobin_slope,spo2_std","perfusion,anemia,respiratory",3,1215,0.0960094824180166,0.2205761316872428,0.49794238683127573,-0.2773662551440329,-0.31389056296628953,-0.24084194732177627,4.1697888829407165e-50,112.1501221999558,8.23670781893004,8.0,3.084792796053081e-49,-27.73662551440329,-31.389056296628954,-24.08419473217763,27.73662551440329,True,benefit | dbp <= ; hemoglobin <= ; spo2 <=,1.0
R288-352-556,lactate_std > q0.65 (0.3523) AND mbp_median > q0.65 (89) AND sodium_std <= q0.35 (0.2074),3,"lactate_std,mbp_median,sodium_std","perfusion,perfusion,other",2,1117,0.08826550770446463,0.19337511190689347,0.5040286481647269,-0.31065353625783343,-0.3480192905250952,-0.27328778199057163,1.0682436810974537e-59,112.13124488197947,9.140823634735899,8.3,1.833080872889122e-58,-31.06535362578334,-34.80192905250952,-27.32877819905716,31.06535362578334,True,benefit | lactate > ; mbp > ; sodium <=,1.0
R195-284-427,glucose_lab_std <= q0.20 (0) AND lactate_slope > q0.65 (0.0002952) AND potassium_std <= q0.35 (0.04242),3,"glucose_lab_std,lactate_slope,potassium_std","other,perfusion,other",2,1455,0.11497431845120505,0.21030927835051547,0.4824742268041237,-0.2721649484536083,-0.3052973002099586,-0.239032596697258,2.535617840049692e-58,112.12112448910347,9.374501718213057,8.4,3.829839445908389e-57,-27.216494845360828,-30.52973002099586,-23.9032596697258,27.216494845360828,True,benefit | glucose_lab <= ; lactate > ; potassium <=,1.0
R196-284-583,glucose_lab_std <= q0.35 (0) AND lactate_slope > q0.65 (0.0002952) AND sofa_std <= q0.35 (0),3,"glucose_lab_std,lactate_slope,sofa_std","other,perfusion,severity",3,1180,0.09324377716317661,0.2016949152542373,0.4830508474576271,-0.28135593220338984,-0.31792312233465087,-0.2447887420721288,2.1706410144748095e-51,112.11276647545388,9.233728813559322,8.3,1.8245967947759267e-50,-28.135593220338983,-31.792312233465086,-24.47887420721288,28.135593220338983,True,benefit | glucose_lab <= ; lactate > ; sofa <=,1.0
R167-284-606,dbp_mean > q0.65 (70.6) AND lactate_slope > q0.65 (0.0002952) AND spo2_std <= q0.35 (0.8245),3,"dbp_mean,lactate_slope,spo2_std","perfusion,perfusion,respiratory",2,1427,0.11276175424733308,0.22424667133847231,0.4989488437281009,-0.2747021723896286,-0.3084857791060939,-0.24091856567316322,3.496476483219842e-57,112.0721841667695,9.31499649614576,8.5,4.828467524446449e-56,-27.470217238962856,-30.848577910609393,-24.091856567316324,27.470217238962856,True,benefit | dbp > ; lactate > ; spo2 <=,1.0
R288-473,lactate_std > q0.65 (0.3523) AND resp_rate_max <= q0.35 (20),2,"lactate_std,resp_rate_max","perfusion,respiratory",2,1856,0.14666139865665745,0.2273706896551724,0.4682112068965517,-0.2408405172413793,-0.2704880911228904,-0.2111929433598682,4.461953585585022e-57,112.05785182294196,8.975484913793103,8.4,6.074960280843458e-56,-24.084051724137932,-27.048809112289042,-21.119294335986822,24.084051724137932,True,benefit | lactate > ; resp_rate <=,1.0
R352-408-582,mbp_median > q0.65 (89) AND platelets_slope <= q0.35 (-0.07924) AND sofa_std <= q0.20 (0),3,"mbp_median,platelets_slope,sofa_std","perfusion,organ_failure,severity",3,1262,0.099723429474516,0.20206022187004755,0.47305863708399365,-0.2709984152139461,-0.30634815129922743,-0.23564867912866475,4.9781853619677815e-51,111.6746031508798,8.814421553090332,8.3,3.9990962741569433e-50,-27.09984152139461,-30.634815129922742,-23.564867912866475,27.09984152139461,True,benefit | mbp > ; platelets <= ; sofa <=,1.0
R157-196-209,dbp_delta <= q0.35 (-8.606) AND glucose_lab_std <= q0.35 (0) AND glucose_vital_median > q0.65 (136),3,"dbp_delta,glucose_lab_std,glucose_vital_median","perfusion,other,other",2,1118,0.08834452785460292,0.18425760286225404,0.4928443649373882,-0.30858676207513414,-0.3456722368283574,-0.27150128732191087,8.506130956320494e-60,111.43508502851809,8.976296958855098,8.2,1.499561080445558e-58,-30.858676207513412,-34.56722368283574,-27.150128732191085,30.858676207513412,True,benefit | dbp <= ; glucose_lab <= ; glucose_vital >,1.0
R171-195-606,dbp_median > q0.65 (72) AND glucose_lab_std <= q0.20 (0) AND spo2_std <= q0.35 (0.8245),3,"dbp_median,glucose_lab_std,spo2_std","perfusion,other,respiratory",3,2127,0.16807585934413274,0.2552891396332863,0.463563704748472,-0.20827456511518572,-0.23642597744701543,-0.180123152783356,1.1973694051396228e-47,111.42380126562472,11.18039492242595,14.0,7.540437079055171e-47,-20.827456511518573,-23.642597744701543,-18.0123152783356,20.827456511518573,True,benefit | dbp > ; glucose_lab <= ; spo2 <=,1.0
R171-195,dbp_median > q0.65 (72) AND glucose_lab_std <= q0.20 (0),2,"dbp_median,glucose_lab_std","perfusion,other",2,3047,0.2407743974713552,0.25861503117820805,0.4453560879553659,-0.18674105677715785,-0.21026050302677343,-0.16322161052754228,1.3166222182190406e-54,111.32681767999793,10.994552018378734,11.3,1.460116417910217e-53,-18.674105677715787,-21.026050302677344,-16.32216105275423,18.674105677715787,True,benefit | dbp > ; glucose_lab <=,1.0
R195-232-606,glucose_lab_std <= q0.20 (0) AND heart_rate_median <= q0.20 (70) AND spo2_std <= q0.35 (0.8245),3,"glucose_lab_std,heart_rate_median,spo2_std","other,perfusion,respiratory",3,2102,0.16610035559067562,0.252616555661275,0.4619410085632731,-0.20932445290199808,-0.23759640152656236,-0.1810525042774338,1.0205745549434025e-47,111.3254116915669,11.086917221693625,14.0,6.483387096025995e-47,-20.93244529019981,-23.759640152656235,-18.10525042774338,20.93244529019981,True,benefit | glucose_lab <= ; heart_rate <= ; spo2 <=,1.0
R196-233,glucose_lab_std <= q0.35 (0) AND heart_rate_median <= q0.35 (70),2,"glucose_lab_std,heart_rate_median","other,perfusion",2,3037,0.23998419596997234,0.2584787619361212,0.44550543299308526,-0.18702667105696408,-0.21058347786953066,-0.1634698642443975,1.335626801731333e-54,111.31397593323074,10.804379321699045,10.2,1.469949800766932e-53,-18.702667105696406,-21.058347786953068,-16.34698642443975,18.702667105696406,True,benefit | glucose_lab <= ; heart_rate <=,1.0
R196-284-603,glucose_lab_std <= q0.35 (0) AND lactate_slope > q0.65 (0.0002952) AND spo2_slope > q0.65 (0.001268),3,"glucose_lab_std,lactate_slope,spo2_slope","other,perfusion,respiratory",3,1227,0.09695772421967602,0.17114914425427874,0.4449877750611247,-0.27383863080684595,-0.3087296858999029,-0.238947575713789,2.133604168385055e-53,111.26920503993927,8.875387123064385,8.3,2.115368235321935e-52,-27.383863080684595,-30.87296858999029,-23.8947575713789,27.383863080684595,True,benefit | glucose_lab <= ; lactate > ; spo2 >,1.0
R157-196-473,dbp_delta <= q0.35 (-8.606) AND glucose_lab_std <= q0.35 (0) AND resp_rate_max <= q0.35 (20),3,"dbp_delta,glucose_lab_std,resp_rate_max","perfusion,other,respiratory",3,2324,0.18364282892137496,0.2508605851979346,0.44922547332185886,-0.19836488812392428,-0.22519101855231505,-0.1715387576955335,1.3385698108582678e-47,110.92791568620304,10.70555077452668,9.8,8.402278033525923e-47,-19.836488812392428,-22.519101855231504,-17.153875769553352,19.836488812392428,True,benefit | dbp <= ; glucose_lab <= ; resp_rate <=,1.0
R157-196,dbp_delta <= q0.35 (-8.606) AND glucose_lab_std <= q0.35 (0),2,"dbp_delta,glucose_lab_std","perfusion,other",2,3053,0.24124851837218492,0.26072715361939075,0.44611857189649523,-0.18539141827710448,-0.20891712319600592,-0.16186571335820304,8.084962277963919e-54,110.63098637252708,10.724369472649853,9.8,8.4037242315754e-53,-18.53914182771045,-20.891712319600593,-16.186571335820304,18.53914182771045,True,benefit | dbp <= ; glucose_lab <=,1.0
R171-473,dbp_median > q0.65 (72) AND resp_rate_max <= q0.35 (20),2,"dbp_median,resp_rate_max","perfusion,respiratory",2,2894,0.22868431450019755,0.25777470628887356,0.4481686247408431,-0.19039391845196957,-0.21452413004438775,-0.16626370685955139,5.98364664042411e-54,110.61807358284173,10.658776779543883,9.9,6.321521040885215e-53,-19.039391845196956,-21.452413004438775,-16.626370685955138,19.039391845196956,True,benefit | dbp > ; resp_rate <=,1.0
R157-261-536,dbp_delta <= q0.35 (-8.606) AND hemoglobin_slope <= q0.35 (-0.006063) AND sbp_std <= q0.35 (8.594),3,"dbp_delta,hemoglobin_slope,sbp_std","perfusion,anemia,perfusion",2,1231,0.09727380482022915,0.21608448415922016,0.5077173030056864,-0.29163281884646625,-0.3278076295100447,-0.2554580081828878,3.0593271907819664e-56,110.50684442377496,8.197481722177091,8.0,3.902517836509968e-55,-29.163281884646626,-32.78076295100447,-25.54580081828878,29.163281884646626,True,benefit | dbp <= ; hemoglobin <= ; sbp <=,1.0
R171-284,dbp_median > q0.65 (72) AND lactate_slope > q0.65 (0.0002952),2,"dbp_median,lactate_slope","perfusion,perfusion",1,2259,0.1785065191623864,0.23860115095174855,0.47056219566179724,-0.2319610447100487,-0.25902790294863937,-0.20489418647145802,2.564430059874485e-63,110.24862240774962,9.130234617087206,8.5,6.523550152312287e-62,-23.19610447100487,-25.902790294863937,-20.4894186471458,23.19610447100487,True,benefit | dbp > ; lactate >,1.0
R196-408-603,glucose_lab_std <= q0.35 (0) AND platelets_slope <= q0.35 (-0.07924) AND spo2_slope > q0.65 (0.001268),3,"glucose_lab_std,platelets_slope,spo2_slope","other,organ_failure,respiratory",3,1134,0.08960885025681549,0.15961199294532627,0.4417989417989418,-0.2821869488536155,-0.3181013579467894,-0.24627253976044158,1.633511349010926e-53,110.23041444210213,8.427072310405643,8.2,1.6391636374158083e-52,-28.21869488536155,-31.81013579467894,-24.62725397604416,28.21869488536155,True,benefit | glucose_lab <= ; platelets <= ; spo2 >,1.0
R157-261-646,dbp_delta <= q0.35 (-8.606) AND hemoglobin_slope <= q0.35 (-0.006063) AND urea_std <= q0.35 (0.6436),3,"dbp_delta,hemoglobin_slope,urea_std","perfusion,anemia,organ_failure",3,952,0.07522718293164757,0.19432773109243698,0.5021008403361344,-0.3077731092436975,-0.3482772989061973,-0.2672689195811977,3.651090406714449e-50,110.15574078045482,8.194957983193278,8.0,2.7079698668726092e-49,-30.77731092436975,-34.82772989061973,-26.72689195811977,30.77731092436975,True,benefit | dbp <= ; hemoglobin <= ; urea <=,1.0
R288-352-427,lactate_std > q0.65 (0.3523) AND mbp_median > q0.65 (89) AND potassium_std <= q0.35 (0.04242),3,"lactate_std,mbp_median,potassium_std","perfusion,perfusion,other",2,1114,0.08802844725404978,0.1992818671454219,0.5044883303411131,-0.30520646319569117,-0.34278727214073595,-0.2676256542506464,4.766752644054972e-57,110.01707065191948,9.131687612208259,8.2,6.459618069046457e-56,-30.520646319569117,-34.2787272140736,-26.76256542506464,30.520646319569117,True,benefit | lactate > ; mbp > ; potassium <=,1.0
R196-261-427,glucose_lab_std <= q0.35 (0) AND hemoglobin_slope <= q0.35 (-0.006063) AND potassium_std <= q0.35 (0.04242),3,"glucose_lab_std,hemoglobin_slope,potassium_std","other,anemia,other",2,1286,0.10161991307783484,0.21384136858475894,0.4976671850699845,-0.28382581648522553,-0.3191668885487509,-0.24848474442170018,7.936725161035753e-56,109.92491428568593,8.0149300155521,7.8,9.670799565967934e-55,-28.382581648522553,-31.91668885487509,-24.84847444217002,28.382581648522553,True,benefit | glucose_lab <= ; hemoglobin <= ; potassium <=,1.0
R288-556,lactate_std > q0.65 (0.3523) AND sodium_std <= q0.35 (0.2074),2,"lactate_std,sodium_std","perfusion,other",2,1373,0.10849466613986566,0.21631463947560087,0.49089584850691914,-0.2745812090313183,-0.30883870266148394,-0.24032371540115263,1.2953976924695845e-55,109.88283026693793,9.19089584850692,8.4,1.5587773062912013e-54,-27.458120903131828,-30.883870266148396,-24.032371540115264,27.458120903131828,True,benefit | lactate > ; sodium <=,1.0
R171-261-536,dbp_median > q0.65 (72) AND hemoglobin_slope <= q0.35 (-0.006063) AND sbp_std <= q0.35 (8.594),3,"dbp_median,hemoglobin_slope,sbp_std","perfusion,anemia,perfusion",2,1288,0.10177795337811142,0.2236024844720497,0.5069875776397516,-0.2833850931677019,-0.3189280330767955,-0.24784215325860826,4.7561945776460755e-55,109.83953569860205,8.174689440993788,7.95,5.462560108979652e-54,-28.33850931677019,-31.89280330767955,-24.784215325860824,28.33850931677019,True,benefit | dbp > ; hemoglobin <= ; sbp <=,1.0
R196-284-646,glucose_lab_std <= q0.35 (0) AND lactate_slope > q0.65 (0.0002952) AND urea_std <= q0.35 (0.6436),3,"glucose_lab_std,lactate_slope,urea_std","other,perfusion,organ_failure",3,1242,0.0981430264717503,0.21658615136876005,0.48470209339774556,-0.2681159420289855,-0.3041349314251062,-0.2320969526328647,3.2649832541009363e-48,109.60779090049645,9.657568438003219,8.6,2.1325341074082692e-47,-26.811594202898547,-30.41349314251062,-23.20969526328647,26.811594202898547,True,benefit | glucose_lab <= ; lactate > ; urea <=,1.0
R171-408-536,dbp_median > q0.65 (72) AND platelets_slope <= q0.35 (-0.07924) AND sbp_std <= q0.35 (8.594),3,"dbp_median,platelets_slope,sbp_std","perfusion,organ_failure,perfusion",2,1308,0.10335835638087712,0.21636085626911314,0.4969418960244648,-0.28058103975535165,-0.31568358592974427,-0.24547849358095905,2.5575995805336663e-55,109.59379042209721,8.58012232415902,8.1,2.9907414449788845e-54,-28.058103975535165,-31.568358592974427,-24.547849358095906,28.058103975535165,True,benefit | dbp > ; platelets <= ; sbp <=,1.0
R167-261-583,dbp_mean > q0.65 (70.6) AND hemoglobin_slope <= q0.35 (-0.006063) AND sofa_std <= q0.35 (0),3,"dbp_mean,hemoglobin_slope,sofa_std","perfusion,anemia,severity",3,1202,0.09498222046621889,0.2237936772046589,0.49584026622296173,-0.2720465890183028,-0.3088450250343077,-0.2352481530022979,1.4003327390347734e-47,109.40911574903171,8.31098169717138,8.1,8.752079618967334e-47,-27.204658901830282,-30.88450250343077,-23.52481530022979,27.204658901830282,True,benefit | dbp > ; hemoglobin <= ; sofa <=,1.0
R157-196-352,dbp_delta <= q0.35 (-8.606) AND glucose_lab_std <= q0.35 (0) AND mbp_median > q0.65 (89),3,"dbp_delta,glucose_lab_std,mbp_median","perfusion,other,perfusion",2,2580,0.20387198735677597,0.2569767441860465,0.4562015503875969,-0.19922480620155042,-0.224792353030073,-0.17365725937302784,1.1659690961608548e-52,109.28914327237317,10.707751937984495,9.8,1.1050033917864309e-51,-19.922480620155042,-22.4792353030073,-17.365725937302784,19.922480620155042,True,benefit | dbp <= ; glucose_lab <= ; mbp >,1.0
R285-352-606,lactate_slope > q0.80 (0.002694) AND mbp_median > q0.65 (89) AND spo2_std <= q0.35 (0.8245),3,"lactate_slope,mbp_median,spo2_std","perfusion,perfusion,respiratory",2,1176,0.09292769656262347,0.2185374149659864,0.5127551020408163,-0.2942176870748299,-0.33128536383801277,-0.2571500103116471,1.423398779793847e-54,108.96730084324025,9.27168367346939,8.4,1.5576816835479835e-53,-29.421768707482993,-33.128536383801276,-25.715001031164707,29.421768707482993,True,benefit | lactate > ; mbp > ; spo2 <=,1.0
R288-427-556,lactate_std > q0.65 (0.3523) AND potassium_std <= q0.35 (0.04242) AND sodium_std <= q0.35 (0.2074),3,"lactate_std,potassium_std,sodium_std","perfusion,other,other",2,1136,0.08976689055709206,0.2130281690140845,0.5123239436619719,-0.29929577464788737,-0.3368702300853276,-0.2617213192104471,6.0132268288499574e-55,108.94655622219574,9.278873239436619,8.3,6.838571687711715e-54,-29.929577464788736,-33.68702300853276,-26.172131921044713,29.929577464788736,True,benefit | lactate > ; potassium <= ; sodium <=,1.0
R352-473-582,mbp_median > q0.65 (89) AND resp_rate_max <= q0.35 (20) AND sofa_std <= q0.20 (0),3,"mbp_median,resp_rate_max,sofa_std","perfusion,respiratory,severity",3,1796,0.14192018964836034,0.24387527839643652,0.46492204899777284,-0.22104677060133632,-0.25148587866715194,-0.1906076625355207,5.685803521911787e-46,108.66641256841957,10.684632516703786,10.1,3.155756978668743e-45,-22.104677060133632,-25.148587866715193,-19.06076625355207,22.104677060133632,True,benefit | mbp > ; resp_rate <= ; sofa <=,1.0
R157-408-606,dbp_delta <= q0.35 (-8.606) AND platelets_slope <= q0.35 (-0.07924) AND spo2_std <= q0.35 (0.8245),3,"dbp_delta,platelets_slope,spo2_std","perfusion,organ_failure,respiratory",3,1238,0.09782694587119715,0.21647819063004847,0.48222940226171246,-0.265751211631664,-0.3018221937856494,-0.22968022947767855,2.8898157964542126e-47,108.46598507930749,8.634248788368337,8.1,1.7792921039739313e-46,-26.575121163166397,-30.18221937856494,-22.968022947767857,26.575121163166397,True,benefit | dbp <= ; platelets <= ; spo2 <=,1.0
R171-408-646,dbp_median > q0.65 (72) AND platelets_slope <= q0.35 (-0.07924) AND urea_std <= q0.35 (0.6436),3,"dbp_median,platelets_slope,urea_std","perfusion,organ_failure,organ_failure",2,986,0.07791386803634927,0.18255578093306288,0.5020283975659229,-0.31947261663286,-0.35891167230941406,-0.2800335609563059,9.172861157068677e-57,108.34175137627177,8.73813387423935,8.2,1.2119042075398251e-55,-31.947261663285996,-35.891167230941406,-28.00335609563059,31.947261663285996,True,benefit | dbp > ; platelets <= ; urea <=,1.0
R233-352,heart_rate_median <= q0.35 (70) AND mbp_median > q0.65 (89),2,"heart_rate_median,mbp_median","perfusion,perfusion",1,3185,0.25167917819043856,0.2618524332810047,0.45368916797488223,-0.19183673469387752,-0.2149036800069481,-0.16876978938080694,9.807863724785089e-60,108.26460404858052,10.403171114599685,9.5,1.698077898619508e-58,-19.183673469387752,-21.490368000694808,-16.876978938080693,19.183673469387752,True,benefit | heart_rate <= ; mbp >,1.0
R288-427,lactate_std > q0.65 (0.3523) AND potassium_std <= q0.35 (0.04242),2,"lactate_std,potassium_std","perfusion,other",2,1305,0.10312129593046226,0.21915708812260537,0.496551724137931,-0.27739463601532566,-0.3126034471582465,-0.2421858248724048,8.5446850449609e-54,108.22486934539394,9.19632183908046,8.3,8.802695072961496e-53,-27.739463601532567,-31.26034471582465,-24.218582487240482,27.739463601532567,True,benefit | lactate > ; potassium <=,1.0
R352-408-646,mbp_median > q0.65 (89) AND platelets_slope <= q0.35 (-0.07924) AND urea_std <= q0.35 (0.6436),3,"mbp_median,platelets_slope,urea_std","perfusion,organ_failure,organ_failure",2,979,0.07736072698538127,0.1797752808988764,0.49948927477017363,-0.31971399387129723,-0.359205998779508,-0.2802219889630865,1.0639341347684856e-56,108.03805254044222,8.748212461695609,8.2,1.3992784538905255e-55,-31.971399387129722,-35.9205998779508,-28.022198896308648,31.971399387129722,True,benefit | mbp > ; platelets <= ; urea <=,1.0
R285-491-646,lactate_slope > q0.80 (0.002694) AND resp_rate_std <= q0.35 (1.78) AND urea_std <= q0.35 (0.6436),3,"lactate_slope,resp_rate_std,urea_std","perfusion,respiratory,organ_failure",3,930,0.07348873962860529,0.21827956989247313,0.5236559139784946,-0.30537634408602155,-0.34703233756011376,-0.26372035061192933,8.148035333473364e-47,108.02763167033275,9.492688172043012,8.5,4.852012826914323e-46,-30.537634408602155,-34.70323375601138,-26.372035061192932,30.537634408602155,True,benefit | lactate > ; resp_rate <= ; urea <=,1.0
R171-233,dbp_median > q0.65 (72) AND heart_rate_median <= q0.35 (70),2,"dbp_median,heart_rate_median","perfusion,perfusion",1,3150,0.24891347293559857,0.2625396825396825,0.45492063492063495,-0.19238095238095243,-0.21558724224304018,-0.16917466251886468,2.290146790742748e-59,107.9735417326195,10.43120634920635,9.5,3.805974609257289e-58,-19.238095238095244,-21.55872422430402,-16.917466251886466,19.238095238095244,True,benefit | dbp > ; heart_rate <=,1.0
R171-408-583,dbp_median > q0.65 (72) AND platelets_slope <= q0.35 (-0.07924) AND sofa_std <= q0.35 (0),3,"dbp_median,platelets_slope,sofa_std","perfusion,organ_failure,severity",3,1252,0.09893322797313314,0.20926517571884984,0.4720447284345048,-0.26277955271565495,-0.2984506617804283,-0.22710844365088162,2.9494269603918214e-47,107.85784100293634,8.767731629392971,8.3,1.8102303037325465e-46,-26.277955271565496,-29.845066178042828,-22.71084436508816,26.277955271565496,True,benefit | dbp > ; platelets <= ; sofa <=,1.0
R171-195-209,dbp_median > q0.65 (72) AND glucose_lab_std <= q0.20 (0) AND glucose_vital_median > q0.65 (136),3,"dbp_median,glucose_lab_std,glucose_vital_median","perfusion,other,other",2,1027,0.08115369419201897,0.19084712755598832,0.5024342745861733,-0.311587147030185,-0.350481486218576,-0.27269280784179395,1.4703031188828064e-55,107.84214364279045,9.027361246348589,8.2,1.754682734469193e-54,-31.158714703018497,-35.0481486218576,-27.269280784179394,31.158714703018497,True,benefit | dbp > ; glucose_lab <= ; glucose_vital >,1.0
R233-352-606,heart_rate_median <= q0.35 (70) AND mbp_median > q0.65 (89) AND spo2_std <= q0.35 (0.8245),3,"heart_rate_median,mbp_median,spo2_std","perfusion,perfusion,respiratory",2,2222,0.17558277360726984,0.2565256525652565,0.46804680468046805,-0.21152115211521155,-0.23909274767287655,-0.18394955655754655,4.2307971356878976e-51,107.68360495394641,10.71908190819082,10.2,3.422402146023683e-50,-21.152115211521156,-23.909274767287656,-18.394955655754654,21.152115211521156,True,benefit | heart_rate <= ; mbp > ; spo2 <=,1.0
R288-556-606,lactate_std > q0.65 (0.3523) AND sodium_std <= q0.35 (0.2074) AND spo2_std <= q0.35 (0.8245),3,"lactate_std,sodium_std,spo2_std","perfusion,other,respiratory",3,923,0.0729355985776373,0.21018418201516792,0.5157096424702059,-0.305525460455038,-0.34712385522923783,-0.2639270656808381,5.522001378381649e-47,107.67285953475016,9.299024918743228,8.3,3.3466675020494844e-46,-30.5525460455038,-34.71238552292378,-26.392706568083813,30.5525460455038,True,benefit | lactate > ; sodium <= ; spo2 <=,1.0
R352-491-606,mbp_median > q0.65 (89) AND resp_rate_std <= q0.35 (1.78) AND spo2_std <= q0.35 (0.8245),3,"mbp_median,resp_rate_std,spo2_std","perfusion,respiratory,respiratory",2,2130,0.1683129197945476,0.25258215962441316,0.46854460093896716,-0.215962441314554,-0.2440621393837552,-0.1878627432453528,2.8048601175483975e-51,107.64448528033198,10.878732394366198,10.7,2.327351742744021e-50,-21.5962441314554,-24.406213938375522,-18.786274324535277,21.5962441314554,True,benefit | mbp > ; resp_rate <= ; spo2 <=,1.0
R157-408-536,dbp_delta <= q0.35 (-8.606) AND platelets_slope <= q0.35 (-0.07924) AND sbp_std <= q0.35 (8.594),3,"dbp_delta,platelets_slope,sbp_std","perfusion,organ_failure,perfusion",2,1262,0.099723429474516,0.21315372424722662,0.4936608557844691,-0.2805071315372425,-0.31616437196399744,-0.24484989111048758,1.2224428560989464e-53,107.62107853560288,8.569889064976227,8.1,1.2460753190463777e-52,-28.05071315372425,-31.616437196399744,-24.48498911104876,28.05071315372425,True,benefit | dbp <= ; platelets <= ; sbp <=,1.0
R195-408-627,glucose_lab_std <= q0.20 (0) AND platelets_slope <= q0.35 (-0.07924) AND temperature_std <= q0.35 (0.1001),3,"glucose_lab_std,platelets_slope,temperature_std","other,organ_failure,metabolic",3,1117,0.08826550770446463,0.20680393912264997,0.4843330349149508,-0.2775290957923008,-0.31525327537192194,-0.23980491621267966,3.9117592455725416e-47,107.59524938509931,8.425425246195166,8.1,2.3857206755332008e-46,-27.752909579230078,-31.525327537192194,-23.980491621267966,27.752909579230078,True,benefit | glucose_lab <= ; platelets <= ; temperature <=,1.0
R196-261-603,glucose_lab_std <= q0.35 (0) AND hemoglobin_slope <= q0.35 (-0.006063) AND spo2_slope > q0.65 (0.001268),3,"glucose_lab_std,hemoglobin_slope,spo2_slope","other,anemia,respiratory",3,1100,0.08692216515211379,0.17909090909090908,0.4581818181818182,-0.2790909090909091,-0.31624493535885023,-0.241936882822968,4.5894459375370844e-49,107.37422003103319,8.152000000000001,8.0,3.1206080231787914e-48,-27.90909090909091,-31.624493535885023,-24.193688282296797,27.90909090909091,True,benefit | glucose_lab <= ; hemoglobin <= ; spo2 >,1.0
R171-284-646,dbp_median > q0.65 (72) AND lactate_slope > q0.65 (0.0002952) AND urea_std <= q0.35 (0.6436),3,"dbp_median,lactate_slope,urea_std","perfusion,perfusion,organ_failure",2,1144,0.09039905175819835,0.20454545454545456,0.4982517482517482,-0.29370629370629364,-0.3309336472859925,-0.2564789401265948,6.120348388310957e-54,107.28772112825914,9.54694055944056,8.5,6.454185573127919e-53,-29.370629370629363,-33.09336472859925,-25.647894012659478,29.370629370629363,True,benefit | dbp > ; lactate > ; urea <=,1.0
R157-408-603,dbp_delta <= q0.35 (-8.606) AND platelets_slope <= q0.35 (-0.07924) AND spo2_slope > q0.65 (0.001268),3,"dbp_delta,platelets_slope,spo2_slope","perfusion,organ_failure,respiratory",3,1312,0.10367443698143027,0.19359756097560976,0.4481707317073171,-0.2545731707317073,-0.2889427276810269,-0.22020361378238773,9.373762281889047e-48,106.96397615609635,8.668445121951219,8.3,5.981058441689381e-47,-25.45731707317073,-28.89427276810269,-22.020361378238775,25.45731707317073,True,benefit | dbp <= ; platelets <= ; spo2 >,1.0
R233-352-556,heart_rate_median <= q0.35 (70) AND mbp_median > q0.65 (89) AND sodium_std <= q0.35 (0.2074),3,"heart_rate_median,mbp_median,sodium_std","perfusion,perfusion,other",2,2224,0.17574081390754642,0.2504496402877698,0.45998201438848924,-0.20953237410071945,-0.23697927184691187,-0.18208547635452704,1.2843240547524885e-50,106.71913113233397,10.982688848920864,11.5,9.985361283598435e-50,-20.953237410071946,-23.697927184691185,-18.208547635452703,20.953237410071946,True,benefit | heart_rate <= ; mbp > ; sodium <=,1.0
R285-473-582,lactate_slope > q0.80 (0.002694) AND resp_rate_max <= q0.35 (20) AND sofa_std <= q0.20 (0),3,"lactate_slope,resp_rate_max,sofa_std","perfusion,respiratory,severity",3,996,0.07870406953773212,0.21987951807228914,0.5110441767068273,-0.2911646586345382,-0.331480813045296,-0.25084850422378047,1.7347407689974537e-45,106.59241893821721,9.201807228915662,8.3,9.222269899344851e-45,-29.116465863453822,-33.1480813045296,-25.084850422378047,29.116465863453822,True,benefit | lactate > ; resp_rate <= ; sofa <=,1.0
R157-408-646,dbp_delta <= q0.35 (-8.606) AND platelets_slope <= q0.35 (-0.07924) AND urea_std <= q0.35 (0.6436),3,"dbp_delta,platelets_slope,urea_std","perfusion,organ_failure,organ_failure",2,1000,0.07902015013828527,0.18,0.492,-0.312,-0.35107907749167067,-0.27292092250832933,3.413679475287862e-55,106.55610803703371,8.671,8.1,3.975771276439679e-54,-31.2,-35.10790774916707,-27.292092250832933,31.2,True,benefit | dbp <= ; platelets <= ; urea <=,1.0
R352-503,mbp_median > q0.65 (89) AND sapsii_median <= q0.35 (34),2,"mbp_median,sapsii_median","perfusion,severity",2,1733,0.13694192018964835,0.1904212348528563,0.4270051933064051,-0.23658395845354876,-0.266317880228505,-0.2068500366785925,7.85557546359847e-55,106.36734787870284,10.812060011540682,10.6,8.847055861916724e-54,-23.658395845354878,-26.6317880228505,-20.68500366785925,23.658395845354878,True,benefit | mbp > ; sapsii <=,1.0
R233-285,heart_rate_median <= q0.35 (70) AND lactate_slope > q0.80 (0.002694),2,"heart_rate_median,lactate_slope","perfusion,perfusion",1,1784,0.14097194784670092,0.24047085201793722,0.492152466367713,-0.25168161434977576,-0.28220223699166497,-0.22116099170788653,9.24088526093601e-59,106.30383099542993,9.129204035874439,8.4,1.4564438726475236e-57,-25.168161434977577,-28.220223699166496,-22.116099170788655,25.168161434977577,True,benefit | heart_rate <= ; lactate >,1.0
R195-261-627,glucose_lab_std <= q0.20 (0) AND hemoglobin_slope <= q0.35 (-0.006063) AND temperature_std <= q0.35 (0.1001),3,"glucose_lab_std,hemoglobin_slope,temperature_std","other,anemia,metabolic",3,1065,0.0841564598972738,0.21032863849765257,0.49107981220657276,-0.2807511737089202,-0.3194888565743748,-0.24201349084346563,8.519222766769844e-46,106.28069204868503,8.107981220657276,8.0,4.674691773629621e-45,-28.075117370892023,-31.948885657437483,-24.201349084346564,28.075117370892023,True,benefit | glucose_lab <= ; hemoglobin <= ; temperature <=,1.0
R195-408-427,glucose_lab_std <= q0.20 (0) AND platelets_slope <= q0.35 (-0.07924) AND potassium_std <= q0.35 (0.04242),3,"glucose_lab_std,platelets_slope,potassium_std","other,organ_failure,other",2,1266,0.10003951007506914,0.20695102685624012,0.4834123222748815,-0.2764612954186414,-0.31189847928924563,-0.24102411154803716,8.801410302273426e-53,106.23679176335578,8.396445497630332,8.0,8.423792038479516e-52,-27.64612954186414,-31.189847928924564,-24.102411154803715,27.64612954186414,True,benefit | glucose_lab <= ; platelets <= ; potassium <=,1.0
R352-606,mbp_median > q0.65 (89) AND spo2_std <= q0.35 (0.8245),2,"mbp_median,spo2_std","perfusion,respiratory",2,2621,0.20711181351244567,0.26898130484547883,0.46089278901182756,-0.19191148416634873,-0.21745330418462883,-0.16636966414806864,4.344598560247321e-49,106.11046801857464,10.878252575352917,10.7,2.971541468093687e-48,-19.191148416634874,-21.74533041846288,-16.636966414806864,19.191148416634874,True,benefit | mbp > ; spo2 <=,1.0
R157-261-583,dbp_delta <= q0.35 (-8.606) AND hemoglobin_slope <= q0.35 (-0.006063) AND sofa_std <= q0.35 (0),3,"dbp_delta,hemoglobin_slope,sofa_std","perfusion,anemia,severity",3,1209,0.09553536151718688,0.228287841191067,0.4913151364764268,-0.2630272952853598,-0.2998230061735782,-0.22623158439714136,1.3408549503684176e-44,106.08939158768027,8.323904052936312,8.1,6.839893326417609e-44,-26.302729528535977,-29.982300617357822,-22.623158439714135,26.302729528535977,True,benefit | dbp <= ; hemoglobin <= ; sofa <=,1.0
R195-261-583,glucose_lab_std <= q0.20 (0) AND hemoglobin_slope <= q0.35 (-0.006063) AND sofa_std <= q0.35 (0),3,"glucose_lab_std,hemoglobin_slope,sofa_std","other,anemia,severity",3,1042,0.08233899644409325,0.2034548944337812,0.4865642994241843,-0.28310940499040305,-0.32207737821824695,-0.24414143176255912,5.1907915633095485e-46,106.0098318693839,8.050863723608446,7.9,2.892083676003399e-45,-28.310940499040306,-32.20773782182469,-24.414143176255912,28.310940499040306,True,benefit | glucose_lab <= ; hemoglobin <= ; sofa <=,1.0
R232-352-427,heart_rate_median <= q0.20 (70) AND mbp_median > q0.65 (89) AND potassium_std <= q0.35 (0.04242),3,"heart_rate_median,mbp_median,potassium_std","perfusion,perfusion,other",2,2247,0.177558277360727,0.25189141076991545,0.45883400089007564,-0.2069425901201602,-0.2342681924196724,-0.179616987820648,7.665440666121175e-50,105.94370876036575,10.960124610591901,11.3,5.585371339636032e-49,-20.69425901201602,-23.42681924196724,-17.9616987820648,20.69425901201602,True,benefit | heart_rate <= ; mbp > ; potassium <=,1.0
R196-284-470,glucose_lab_std <= q0.35 (0) AND lactate_slope > q0.65 (0.0002952) AND resp_rate_delta > q0.65 (1.981),3,"glucose_lab_std,lactate_slope,resp_rate_delta","other,perfusion,respiratory",3,1161,0.09174239431054919,0.20757967269595176,0.4754521963824289,-0.2678725236864772,-0.30487929971797667,-0.2308657476549777,1.0964027231300937e-45,105.87715632201068,9.001636520241172,8.4,5.948677075916317e-45,-26.787252368647717,-30.487929971797666,-23.08657476549777,26.787252368647717,True,benefit | glucose_lab <= ; lactate > ; resp_rate >,1.0
R171-473-606,dbp_median > q0.65 (72) AND resp_rate_max <= q0.35 (20) AND spo2_std <= q0.35 (0.8245),3,"dbp_median,resp_rate_max,spo2_std","perfusion,respiratory,respiratory",2,2084,0.1646779928881865,0.2514395393474088,0.4659309021113244,-0.21449136276391556,-0.24287553616106808,-0.18610718936676304,1.240454234212618e-49,105.75049801818454,10.920201535508637,10.8,8.827772464335195e-49,-21.449136276391556,-24.28755361610681,-18.610718936676303,21.449136276391556,True,benefit | dbp > ; resp_rate <= ; spo2 <=,1.0
R167-284-582,dbp_mean > q0.65 (70.6) AND lactate_slope > q0.65 (0.0002952) AND sofa_std <= q0.20 (0),3,"dbp_mean,lactate_slope,sofa_std","perfusion,perfusion,severity",2,1256,0.09924930857368629,0.21178343949044587,0.4880573248407643,-0.27627388535031844,-0.31197807334721034,-0.24056969735342654,5.920785139059777e-52,105.74465157907333,9.329299363057324,8.5,5.1952426333656144e-51,-27.627388535031844,-31.197807334721034,-24.056969735342655,27.627388535031844,True,benefit | dbp > ; lactate > ; sofa <=,1.0
R171-473-582,dbp_median > q0.65 (72) AND resp_rate_max <= q0.35 (20) AND sofa_std <= q0.20 (0),3,"dbp_median,resp_rate_max,sofa_std","perfusion,respiratory,severity",3,1775,0.14026076649545635,0.24394366197183098,0.4597183098591549,-0.21577464788732392,-0.24638066444476805,-0.1851686313298798,1.981152008900378e-43,105.45267102047302,10.66512676056338,10.0,9.155921634758719e-43,-21.577464788732392,-24.638066444476806,-18.51686313298798,21.577464788732392,True,benefit | dbp > ; resp_rate <= ; sofa <=,1.0
R352-473-556,mbp_median > q0.65 (89) AND resp_rate_max <= q0.35 (20) AND sodium_std <= q0.35 (0.2074),3,"mbp_median,resp_rate_max,sodium_std","perfusion,respiratory,other",3,2128,0.16815487949427105,0.25798872180451127,0.4548872180451128,-0.19689849624060152,-0.22506273398793236,-0.16873425849327067,9.80598866063273e-43,105.36253239687582,11.272415413533835,14.0,4.331662927012173e-42,-19.68984962406015,-22.506273398793237,-16.873425849327067,19.68984962406015,True,benefit | mbp > ; resp_rate <= ; sodium <=,1.0
R157-284,dbp_delta <= q0.35 (-8.606) AND lactate_slope > q0.65 (0.0002952),2,"dbp_delta,lactate_slope","perfusion,perfusion",1,2475,0.19557487159225603,0.25373737373737376,0.46505050505050505,-0.21131313131313129,-0.23739096895483003,-0.18523529367143254,8.415788872352206e-57,105.12695547611357,9.019838383838383,8.4,1.116969690152009e-55,-21.131313131313128,-23.739096895483,-18.523529367143254,21.131313131313128,True,benefit | dbp <= ; lactate >,1.0
R196-321,glucose_lab_std <= q0.35 (0) AND lymphocytes_abs_std > q0.35 (0),2,"glucose_lab_std,lymphocytes_abs_std","other,other",1,670,0.05294350059265113,0.10298507462686567,0.508955223880597,-0.4059701492537313,-0.450271957744667,-0.36166834076279564,3.941785462691964e-72,105.08276766293078,7.893134328358208,7.7,2.8577944604516737e-70,-40.59701492537313,-45.0271957744667,-36.166834076279564,40.59701492537313,True,benefit | glucose_lab <= ; lymphocytes_abs >,1.0
R195-261-470,glucose_lab_std <= q0.20 (0) AND hemoglobin_slope <= q0.35 (-0.006063) AND resp_rate_delta > q0.65 (1.981),3,"glucose_lab_std,hemoglobin_slope,resp_rate_delta","other,anemia,respiratory",3,990,0.07822994863690241,0.19595959595959597,0.48383838383838385,-0.28787878787878785,-0.32763406068950407,-0.2481235150680716,1.0138488348115218e-45,105.07157733486427,8.241414141414142,8.1,5.51108082652936e-45,-28.787878787878785,-32.76340606895041,-24.812351506807158,28.787878787878785,True,benefit | glucose_lab <= ; hemoglobin <= ; resp_rate >,1.0
R157-408-583,dbp_delta <= q0.35 (-8.606) AND platelets_slope <= q0.35 (-0.07924) AND sofa_std <= q0.35 (0),3,"dbp_delta,platelets_slope,sofa_std","perfusion,organ_failure,severity",3,1210,0.09561438166732517,0.2115702479338843,0.471900826446281,-0.2603305785123967,-0.29667349867833315,-0.22398765834646028,8.894250366380893e-45,105.0451142750478,8.74694214876033,8.2,4.557124746025545e-44,-26.033057851239672,-29.667349867833316,-22.398765834646028,26.033057851239672,True,benefit | dbp <= ; platelets <= ; sofa <=,1.0
R51-196,any_vasopressor_slope > q0.80 (2.509e-05) AND glucose_lab_std <= q0.35 (0),2,"any_vasopressor_slope,glucose_lab_std","perfusion,other",2,1536,0.12137495061240616,0.20833333333333334,0.4563802083333333,-0.24804687499999997,-0.28018719097060246,-0.21590655902939748,1.0823347817195008e-51,104.99125410004396,9.017708333333333,8.3,9.300061828108303e-51,-24.804687499999996,-28.018719097060245,-21.590655902939748,24.804687499999996,True,benefit | any_vasopressor > ; glucose_lab <=,1.0
R285-352-646,lactate_slope > q0.80 (0.002694) AND mbp_median > q0.65 (89) AND urea_std <= q0.35 (0.6436),3,"lactate_slope,mbp_median,urea_std","perfusion,perfusion,organ_failure",2,965,0.07625444488344528,0.20414507772020726,0.5160621761658031,-0.3119170984455958,-0.3524262047639823,-0.2714079921272093,1.8322108044423438e-51,104.64695465789238,9.451502590673575,8.5,1.5559037577987693e-50,-31.19170984455958,-35.24262047639823,-27.14079921272093,31.19170984455958,True,benefit | lactate > ; mbp > ; urea <=,1.0
R171-352,dbp_median > q0.65 (72) AND mbp_median > q0.65 (89),2,"dbp_median,mbp_median","perfusion,perfusion",1,4037,0.3190043461082576,0.27966311617537776,0.444141689373297,-0.16447857319791925,-0.1851336268197705,-0.143823519576068,6.451531774408049e-55,104.50539345096902,10.438097597225662,9.5,7.322677943555123e-54,-16.447857319791925,-18.51336268197705,-14.3823519576068,16.447857319791925,True,benefit | dbp > ; mbp >,1.0
R195-284-627,glucose_lab_std <= q0.20 (0) AND lactate_slope > q0.65 (0.0002952) AND temperature_std <= q0.35 (0.1001),3,"glucose_lab_std,lactate_slope,temperature_std","other,perfusion,metabolic",3,1246,0.09845910707230343,0.22150882825040127,0.4767255216693419,-0.2552166934189406,-0.29128305314518305,-0.21915033369269812,9.686248618800055e-44,104.50235752714836,9.11123595505618,8.4,4.639161188194907e-43,-25.52166934189406,-29.128305314518304,-21.915033369269814,25.52166934189406,True,benefit | glucose_lab <= ; lactate > ; temperature <=,1.0
R157-261-359,dbp_delta <= q0.35 (-8.606) AND hemoglobin_slope <= q0.35 (-0.006063) AND mbp_std <= q0.35 (7.214),3,"dbp_delta,hemoglobin_slope,mbp_std","perfusion,anemia,perfusion",2,1050,0.08297115764519952,0.21428571428571427,0.5123809523809524,-0.2980952380952381,-0.3372118053914239,-0.25897867079905224,1.9058275376130287e-50,104.3214088423711,8.277333333333335,8.0,1.4430547934928939e-49,-29.809523809523807,-33.721180539142395,-25.897867079905225,29.809523809523807,True,benefit | dbp <= ; hemoglobin <= ; mbp <=,1.0
R352-408-470,mbp_median > q0.65 (89) AND platelets_slope <= q0.35 (-0.07924) AND resp_rate_delta > q0.65 (1.981),3,"mbp_median,platelets_slope,resp_rate_delta","perfusion,organ_failure,respiratory",3,1050,0.08297115764519952,0.22285714285714286,0.5,-0.27714285714285714,-0.31649152759900684,-0.23779418668670746,2.3847755377653985e-43,104.1732776264075,8.685523809523811,8.3,1.0942799144809581e-42,-27.714285714285715,-31.649152759900684,-23.779418668670747,27.714285714285715,True,benefit | mbp > ; platelets <= ; resp_rate >,1.0
R195-408-583,glucose_lab_std <= q0.20 (0) AND platelets_slope <= q0.35 (-0.07924) AND sofa_std <= q0.35 (0),3,"glucose_lab_std,platelets_slope,sofa_std","other,organ_failure,severity",3,1043,0.08241801659423154,0.1955896452540748,0.473633748801534,-0.27804410354745923,-0.31674477634814147,-0.23934343074677703,4.929839143760424e-45,104.16308475784678,8.454362416107383,8.1,2.557519412684299e-44,-27.804410354745922,-31.674477634814146,-23.934343074677702,27.804410354745922,True,benefit | glucose_lab <= ; platelets <= ; sofa <=,1.0
R352-408-627,mbp_median > q0.65 (89) AND platelets_slope <= q0.35 (-0.07924) AND temperature_std <= q0.35 (0.1001),3,"mbp_median,platelets_slope,temperature_std","perfusion,organ_failure,metabolic",3,1223,0.09664164361912288,0.21749795584627965,0.4742436631234669,-0.25674570727718726,-0.2930471548062998,-0.22044425974807474,1.0718269381356942e-43,104.15362953139248,8.636467702371219,8.3,5.103937800646163e-43,-25.674570727718727,-29.304715480629977,-22.044425974807474,25.674570727718727,True,benefit | mbp > ; platelets <= ; temperature <=,1.0
R157-261-603,dbp_delta <= q0.35 (-8.606) AND hemoglobin_slope <= q0.35 (-0.006063) AND spo2_slope > q0.65 (0.001268),3,"dbp_delta,hemoglobin_slope,spo2_slope","perfusion,anemia,respiratory",3,1304,0.10304227578032399,0.21242331288343558,0.46088957055214724,-0.24846625766871167,-0.2834643089033013,-0.213468206434122,5.144246857731652e-44,104.07926191483199,8.356671779141104,8.149999999999999,2.5328210335181308e-43,-24.846625766871167,-28.346430890330133,-21.3468206434122,24.846625766871167,True,benefit | dbp <= ; hemoglobin <= ; spo2 >,1.0
R157-408-470,dbp_delta <= q0.35 (-8.606) AND platelets_slope <= q0.35 (-0.07924) AND resp_rate_delta > q0.65 (1.981),3,"dbp_delta,platelets_slope,resp_rate_delta","perfusion,organ_failure,respiratory",3,1122,0.08866060845515607,0.22103386809269163,0.48841354723707664,-0.267379679144385,-0.3053932203458818,-0.22936613794288818,3.0837966055797772e-43,103.89216952061658,8.63119429590018,8.3,1.4026492436729653e-42,-26.7379679144385,-30.539322034588178,-22.936613794288817,26.7379679144385,True,benefit | dbp <= ; platelets <= ; resp_rate >,1.0
R171-473-556,dbp_median > q0.65 (72) AND resp_rate_max <= q0.35 (20) AND sodium_std <= q0.35 (0.2074),3,"dbp_median,resp_rate_max,sodium_std","perfusion,respiratory,other",3,2110,0.16673251679178192,0.2563981042654028,0.45118483412322274,-0.19478672985781992,-0.2230347679380585,-0.16653869177758135,1.269584941078195e-41,103.79073404660768,11.27696682464455,14.0,5.14936549528219e-41,-19.47867298578199,-22.30347679380585,-16.653869177758136,19.47867298578199,True,benefit | dbp > ; resp_rate <= ; sodium <=,1.0
R285-491-606,lactate_slope > q0.80 (0.002694) AND resp_rate_std <= q0.35 (1.78) AND spo2_std <= q0.35 (0.8245),3,"lactate_slope,resp_rate_std,spo2_std","perfusion,respiratory,respiratory",2,1093,0.08636902410114579,0.22598353156450138,0.5160109789569991,-0.29002744739249775,-0.32866111725169656,-0.25139377753329895,5.245588518147056e-49,103.55544439595593,9.210521500457455,8.3,3.5542539024828183e-48,-29.002744739249774,-32.86611172516965,-25.139377753329896,29.002744739249774,True,benefit | lactate > ; resp_rate <= ; spo2 <=,1.0
R285-491-536,lactate_slope > q0.80 (0.002694) AND resp_rate_std <= q0.35 (1.78) AND sbp_std <= q0.35 (8.594),3,"lactate_slope,resp_rate_std,sbp_std","perfusion,respiratory,perfusion",2,1075,0.08494666139865666,0.22511627906976744,0.5172093023255814,-0.29209302325581393,-0.33102512758057834,-0.25316091893104953,5.974085895016063e-49,103.43063034238578,9.136186046511625,8.3,4.033725051349612e-48,-29.209302325581394,-33.102512758057834,-25.316091893104954,29.209302325581394,True,benefit | lactate > ; resp_rate <= ; sbp <=,1.0
R352-408-625,mbp_median > q0.65 (89) AND platelets_slope <= q0.35 (-0.07924) AND temperature_min > q0.65 (36.89),3,"mbp_median,platelets_slope,temperature_min","perfusion,organ_failure,metabolic",3,1155,0.09126827340971948,0.21645021645021645,0.47878787878787876,-0.2623376623376623,-0.2996755366753996,-0.224999787999925,3.806284977871995e-43,103.42121262477644,8.704069264069265,8.3,1.7126805951635043e-42,-26.233766233766232,-29.96755366753996,-22.4999787999925,26.233766233766232,True,benefit | mbp > ; platelets <= ; temperature >,1.0
R167-606,dbp_mean > q0.65 (70.6) AND spo2_std <= q0.35 (0.8245),2,"dbp_mean,spo2_std","perfusion,respiratory",2,2706,0.21382852627419993,0.2727272727272727,0.45639320029563935,-0.18366592756836664,-0.20884133029484875,-0.15849052484188453,2.2170603236139964e-46,103.18492387171888,10.876459719142645,10.7,1.2782256338927613e-45,-18.366592756836663,-20.884133029484875,-15.849052484188453,18.366592756836663,True,benefit | dbp > ; spo2 <=,1.0
R196-473,glucose_lab_std <= q0.35 (0) AND resp_rate_max <= q0.35 (20),2,"glucose_lab_std,resp_rate_max","other,respiratory",2,3251,0.2568945080995654,0.2645339895416795,0.43186711780990467,-0.16733312826822516,-0.1901329428189799,-0.1445333137174704,6.437601336037664e-47,103.04197410849595,11.106736388803444,12.2,3.881298102808571e-46,-16.733312826822516,-19.01329428189799,-14.45333137174704,16.733312826822516,True,benefit | glucose_lab <= ; resp_rate <=,1.0
R171-261-359,dbp_median > q0.65 (72) AND hemoglobin_slope <= q0.35 (-0.006063) AND mbp_std <= q0.35 (7.214),3,"dbp_median,hemoglobin_slope,mbp_std","perfusion,anemia,perfusion",2,1161,0.09174239431054919,0.22739018087855298,0.5073212747631353,-0.27993109388458226,-0.3174591632484907,-0.2424030245206738,2.0902613060477127e-48,103.01275604009798,8.253402239448752,8.0,1.374548251142487e-47,-27.993109388458226,-31.745916324849073,-24.24030245206738,27.993109388458226,True,benefit | dbp > ; hemoglobin <= ; mbp <=,1.0
R352-491-536,mbp_median > q0.65 (89) AND resp_rate_std <= q0.35 (1.78) AND sbp_std <= q0.35 (8.594),3,"mbp_median,resp_rate_std,sbp_std","perfusion,respiratory,perfusion",2,2121,0.16760173844330303,0.2578972182932579,0.4648750589344649,-0.206977840641207,-0.23521280959166066,-0.17874287169075334,8.231581002688943e-47,102.94800654174603,10.925365393682224,10.9,4.89673536570214e-46,-20.6977840641207,-23.521280959166067,-17.874287169075334,20.6977840641207,True,benefit | mbp > ; resp_rate <= ; sbp <=,1.0
R285-352-536,lactate_slope > q0.80 (0.002694) AND mbp_median > q0.65 (89) AND sbp_std <= q0.35 (8.594),3,"lactate_slope,mbp_median,sbp_std","perfusion,perfusion,perfusion",1,1171,0.09253259581193204,0.2143467122117848,0.5149444918872759,-0.30059777967549106,-0.337636729259204,-0.2635588300917781,5.683380495516516e-57,102.86419126487743,9.140478223740393,8.3,7.683824446152866e-56,-30.059777967549106,-33.7636729259204,-26.35588300917781,30.059777967549106,True,benefit | lactate > ; mbp > ; sbp <=,1.0
R285-352-582,lactate_slope > q0.80 (0.002694) AND mbp_median > q0.65 (89) AND sofa_std <= q0.20 (0),3,"lactate_slope,mbp_median,sofa_std","perfusion,perfusion,severity",2,1102,0.08708020545239036,0.22232304900181488,0.5090744101633394,-0.28675136116152455,-0.32514325404969346,-0.24835946827335562,1.5754860903644832e-48,102.80637378109468,9.239745916515426,8.4,1.0383885595584094e-47,-28.675136116152455,-32.51432540496935,-24.83594682733556,28.675136116152455,True,benefit | lactate > ; mbp > ; sofa <=,1.0
R171-284-536,dbp_median > q0.65 (72) AND lactate_slope > q0.65 (0.0002952) AND sbp_std <= q0.35 (8.594),3,"dbp_median,lactate_slope,sbp_std","perfusion,perfusion,perfusion",1,1427,0.11276175424733308,0.22494744218640506,0.49614576033637003,-0.271198318149965,-0.3049967527143718,-0.23739988358555814,9.874834467891438e-56,102.44693705720853,9.21114225648213,8.4,1.1982016718361995e-54,-27.1198318149965,-30.499675271437184,-23.739988358555813,27.1198318149965,True,benefit | dbp > ; lactate > ; sbp <=,1.0
R195-261-646,glucose_lab_std <= q0.20 (0) AND hemoglobin_slope <= q0.35 (-0.006063) AND urea_std <= q0.35 (0.6436),3,"glucose_lab_std,hemoglobin_slope,urea_std","other,anemia,organ_failure",3,1064,0.08407743974713552,0.22086466165413535,0.49154135338345867,-0.2706766917293233,-0.3097111011873625,-0.23164228227128406,4.513222998692038e-42,102.41879526756868,8.052819548872181,7.9,1.8751213031815059e-41,-27.06766917293233,-30.97111011873625,-23.164228227128405,27.06766917293233,True,benefit | glucose_lab <= ; hemoglobin <= ; urea <=,1.0
R171-507,dbp_median > q0.65 (72) AND sapsii_min <= q0.35 (34),2,"dbp_median,sapsii_min","perfusion,severity",2,1780,0.14065586724614776,0.19719101123595506,0.42191011235955056,-0.2247191011235955,-0.2541817501808828,-0.19525645206630823,1.5711773064456222e-50,102.39382003823506,10.757022471910112,10.4,1.1927785834273047e-49,-22.47191011235955,-25.41817501808828,-19.525645206630823,22.47191011235955,True,benefit | dbp > ; sapsii <=,1.0
R288-427-646,lactate_std > q0.65 (0.3523) AND potassium_std <= q0.35 (0.04242) AND urea_std <= q0.35 (0.6436),3,"lactate_std,potassium_std,urea_std","perfusion,other,organ_failure",3,915,0.07230343737653101,0.22076502732240438,0.512568306010929,-0.29180327868852457,-0.3338890002632342,-0.24971755711381496,4.6065243780784926e-42,102.39027361594236,9.641311475409836,8.6,1.9125154898250006e-41,-29.18032786885246,-33.38890002632342,-24.971755711381498,29.18032786885246,True,benefit | lactate > ; potassium <= ; urea <=,1.0
R232-408,heart_rate_median <= q0.20 (70) AND platelets_slope <= q0.35 (-0.07924),2,"heart_rate_median,platelets_slope","perfusion,organ_failure",2,2318,0.18316870802054525,0.25496117342536667,0.4516824849007765,-0.19672131147540983,-0.2236520725393309,-0.16979055041148877,1.7080813939437734e-46,102.28969468790228,8.639905090595342,8.2,9.98676621459061e-46,-19.672131147540984,-22.36520725393309,-16.97905504114888,19.672131147540984,True,benefit | heart_rate <= ; platelets <=,1.0
R507-640,sapsii_min <= q0.35 (34) AND urea_min <= q0.20 (14),2,"sapsii_min,urea_min","severity,organ_failure",2,1514,0.11963650730936388,0.15587846763540292,0.3989431968295905,-0.2430647291941876,-0.2737616851366093,-0.21236777325176587,2.55329340258456e-54,102.14300644126988,8.323051519154557,8.0,2.730393112572266e-53,-24.30647291941876,-27.376168513660932,-21.236777325176586,24.30647291941876,True,benefit | sapsii <= ; urea <=,1.0
R134-495,creatinine_mean <= q0.35 (0.9) AND sapsii_max <= q0.35 (34),2,"creatinine_mean,sapsii_max","organ_failure,severity",2,2138,0.1689450809956539,0.19738072965388212,0.40177736202058,-0.2043966323666979,-0.23116461110537462,-0.17762865362802116,1.2193177377407995e-50,102.07075848681134,8.765201122544434,8.2,9.556814701211672e-50,-20.439663236669787,-23.11646111053746,-17.762865362802117,20.439663236669787,True,benefit | creatinine <= ; sapsii <=,1.0
R352-473-499,mbp_median > q0.65 (89) AND resp_rate_max <= q0.35 (20) AND sapsii_mean <= q0.35 (34),3,"mbp_median,resp_rate_max,sapsii_mean","perfusion,respiratory,severity",3,1065,0.0841564598972738,0.1652582159624413,0.4347417840375587,-0.2694835680751174,-0.3066859813876849,-0.23228115476254996,9.47018505876274e-46,102.0152462139552,11.279154929577464,12.4,5.1769154892388205e-45,-26.948356807511743,-30.668598138768488,-23.228115476254995,26.948356807511743,True,benefit | mbp > ; resp_rate <= ; sapsii <=,1.0
R288-427-536,lactate_std > q0.65 (0.3523) AND potassium_std <= q0.35 (0.04242) AND sbp_std <= q0.35 (8.594),3,"lactate_std,potassium_std,sbp_std","perfusion,other,perfusion",2,917,0.07246147767680759,0.20283533260632497,0.514721919302072,-0.31188658669574704,-0.3534052996973025,-0.2703678736941916,4.559608444151223e-49,102.00116235145016,9.227808069792802,8.3,3.1149268523059e-48,-31.188658669574703,-35.34052996973025,-27.03678736941916,31.188658669574703,True,benefit | lactate > ; potassium <= ; sbp <=,1.0
R499-606,sapsii_mean <= q0.35 (34) AND spo2_std <= q0.35 (0.8245),2,"sapsii_mean,spo2_std","severity,respiratory",2,1645,0.12998814697747926,0.19027355623100303,0.4231003039513678,-0.23282674772036474,-0.2633197182788308,-0.20233377716189865,1.2352237724136943e-50,101.9857697922685,10.805410334346506,10.6,9.629432634407832e-50,-23.282674772036476,-26.331971827883084,-20.233377716189864,23.282674772036476,True,benefit | sapsii <= ; spo2 <=,1.0
R352-408-603,mbp_median > q0.65 (89) AND platelets_slope <= q0.35 (-0.07924) AND spo2_slope > q0.65 (0.001268),3,"mbp_median,platelets_slope,spo2_slope","perfusion,organ_failure,respiratory",3,1246,0.09845910707230343,0.2030497592295345,0.4518459069020867,-0.2487961476725522,-0.2843285789512142,-0.21326371639389022,7.311657435759821e-43,101.87336740067923,8.77142857142857,8.4,3.2396954260815096e-42,-24.87961476725522,-28.432857895121423,-21.326371639389023,24.87961476725522,True,benefit | mbp > ; platelets <= ; spo2 >,1.0
R167-408-470,dbp_mean > q0.65 (70.6) AND platelets_slope <= q0.35 (-0.07924) AND resp_rate_delta > q0.65 (1.981),3,"dbp_mean,platelets_slope,resp_rate_delta","perfusion,organ_failure,respiratory",3,904,0.07143421572500988,0.21902654867256638,0.5110619469026548,-0.29203539823008845,-0.33432928487183505,-0.24974151158834185,9.902491362471772e-42,101.85390891400262,8.720907079646018,8.3,4.044679570587062e-41,-29.203539823008846,-33.4329284871835,-24.974151158834186,29.203539823008846,True,benefit | dbp > ; platelets <= ; resp_rate >,1.0
R288-556-646,lactate_std > q0.65 (0.3523) AND sodium_std <= q0.35 (0.2074) AND urea_std <= q0.35 (0.6436),3,"lactate_std,sodium_std,urea_std","perfusion,other,organ_failure",3,914,0.07222441722639274,0.22319474835886213,0.513129102844639,-0.28993435448577687,-0.3321097464595969,-0.24775896251195687,2.2247177760645872e-41,101.6788826944692,9.680087527352295,8.6,8.874390028318161e-41,-28.993435448577685,-33.21097464595969,-24.775896251195686,28.993435448577685,True,benefit | lactate > ; sodium <= ; urea <=,1.0
R352-491-646,mbp_median > q0.65 (89) AND resp_rate_std <= q0.35 (1.78) AND urea_std <= q0.35 (0.6436),3,"mbp_median,resp_rate_std,urea_std","perfusion,respiratory,organ_failure",3,2001,0.15811932042670881,0.2623688155922039,0.45827086456771615,-0.19590204897551228,-0.22502534445970215,-0.1667787534913224,1.0816294647430661e-39,101.65307298048995,11.460269865067467,14.0,3.8067056404792375e-39,-19.590204897551228,-22.502534445970216,-16.67787534913224,19.590204897551228,True,benefit | mbp > ; resp_rate <= ; urea <=,1.0
R171-491-536,dbp_median > q0.65 (72) AND resp_rate_std <= q0.35 (1.78) AND sbp_std <= q0.35 (8.594),3,"dbp_median,resp_rate_std,sbp_std","perfusion,respiratory,perfusion",2,2128,0.16815487949427105,0.25845864661654133,0.462406015037594,-0.20394736842105265,-0.23213880535786346,-0.17575593148424185,1.2294364916977637e-45,101.60794622883641,10.907471804511278,10.8,6.64560265782575e-45,-20.394736842105267,-23.213880535786345,-17.575593148424183,20.394736842105267,True,benefit | dbp > ; resp_rate <= ; sbp <=,1.0
R167-408-625,dbp_mean > q0.65 (70.6) AND platelets_slope <= q0.35 (-0.07924) AND temperature_min > q0.65 (36.89),3,"dbp_mean,platelets_slope,temperature_min","perfusion,organ_failure,metabolic",3,1089,0.08605294350059266,0.21854912764003673,0.4839302112029385,-0.2653810835629018,-0.30389690467000763,-0.22686526245579597,1.4659049631729713e-41,101.58787878787882,8.675941230486684,8.3,5.924912046274029e-41,-26.53810835629018,-30.38969046700076,-22.686526245579596,26.53810835629018,True,benefit | dbp > ; platelets <= ; temperature >,1.0
R195-284-359,glucose_lab_std <= q0.20 (0) AND lactate_slope > q0.65 (0.0002952) AND mbp_std <= q0.35 (7.214),3,"glucose_lab_std,lactate_slope,mbp_std","other,perfusion,perfusion",2,1108,0.08755432635322007,0.2157039711191336,0.4981949458483754,-0.28249097472924184,-0.3206135813408085,-0.2443683681176752,8.572063707460646e-48,101.55427564867506,9.398014440433213,8.4,5.493698287654337e-47,-28.249097472924184,-32.06135813408085,-24.43683681176752,28.249097472924184,True,benefit | glucose_lab <= ; lactate > ; mbp <=,1.0
R477-499,resp_rate_mean <= q0.35 (16.03) AND sapsii_mean <= q0.35 (34),2,"resp_rate_mean,sapsii_mean","respiratory,severity",2,1655,0.1307783484788621,0.18670694864048337,0.4169184290030212,-0.2302114803625378,-0.2604893515092086,-0.19993360921586698,3.1770603505875836e-50,101.14623746573238,10.387673716012086,9.4,2.3594046137526228e-49,-23.02114803625378,-26.04893515092086,-19.993360921586696,23.02114803625378,True,benefit | resp_rate <= ; sapsii <=,1.0
R171-261-603,dbp_median > q0.65 (72) AND hemoglobin_slope <= q0.35 (-0.006063) AND spo2_slope > q0.65 (0.001268),3,"dbp_median,hemoglobin_slope,spo2_slope","perfusion,anemia,respiratory",3,1241,0.09806400632161201,0.2199838839645447,0.467365028203062,-0.24738114423851731,-0.2834611478483006,-0.21130114062873404,3.588574481821976e-41,101.0905301103996,8.344480257856567,8.2,1.399712978787321e-40,-24.73811442385173,-28.34611478483006,-21.130114062873403,24.73811442385173,True,benefit | dbp > ; hemoglobin <= ; spo2 >,1.0
R157-473,dbp_delta <= q0.35 (-8.606) AND resp_rate_max <= q0.35 (20),2,"dbp_delta,resp_rate_max","perfusion,respiratory",2,2823,0.2230738838403793,0.2681544456252214,0.4442082890541977,-0.1760538434289763,-0.2006104652241618,-0.15149722163379079,7.506629831654738e-45,101.02403371418721,10.51533829259653,9.7,3.859791934716089e-44,-17.60538434289763,-20.061046522416177,-15.149722163379078,17.60538434289763,True,benefit | dbp <= ; resp_rate <=,1.0
R352-491-627,mbp_median > q0.65 (89) AND resp_rate_std <= q0.35 (1.78) AND temperature_std <= q0.35 (0.1001),3,"mbp_median,resp_rate_std,temperature_std","perfusion,respiratory,metabolic",3,1865,0.14737258000790202,0.2611260053619303,0.46273458445040216,-0.20160857908847185,-0.23176687828285392,-0.17145027989408979,3.1807339106920657e-39,100.99652148072441,10.865576407506701,10.5,1.0871099989401284e-38,-20.160857908847184,-23.17668782828539,-17.14502798940898,20.160857908847184,True,benefit | mbp > ; resp_rate <= ; temperature <=,1.0
R196-352-556,glucose_lab_std <= q0.35 (0) AND mbp_median > q0.65 (89) AND sodium_std <= q0.35 (0.2074),3,"glucose_lab_std,mbp_median,sodium_std","other,perfusion,other",2,2613,0.20647965231133938,0.2667432070417145,0.4496747034060467,-0.1829314963643322,-0.2084536294000256,-0.1574093633286388,7.876804403315994e-45,100.99083133521216,11.432108687332567,14.0,4.0429615521444924e-44,-18.29314963643322,-20.84536294000256,-15.74093633286388,18.29314963643322,True,benefit | glucose_lab <= ; mbp > ; sodium <=,1.0
R352-556,mbp_median > q0.65 (89) AND sodium_std <= q0.35 (0.2074),2,"mbp_median,sodium_std","perfusion,other",2,2728,0.2155669695772422,0.2716275659824047,0.4505131964809384,-0.17888563049853373,-0.20392985422796456,-0.1538414067691029,1.5615968323846462e-44,100.90702320145166,11.351282991202346,14.0,7.910272164044496e-44,-17.888563049853374,-20.392985422796457,-15.38414067691029,17.888563049853374,True,benefit | mbp > ; sodium <=,1.0
R196-209,glucose_lab_std <= q0.35 (0) AND glucose_vital_median > q0.65 (136),2,"glucose_lab_std,glucose_vital_median","other,other",1,1385,0.10944290794152509,0.2,0.4707581227436823,-0.2707581227436823,-0.30444569874896776,-0.23707054673839678,6.532891426371617e-56,100.76422779383607,9.083754512635378,8.3,8.027705566304105e-55,-27.07581227436823,-30.444569874896775,-23.70705467383968,27.07581227436823,True,benefit | glucose_lab <= ; glucose_vital >,1.0
R233-352-503,heart_rate_median <= q0.35 (70) AND mbp_median > q0.65 (89) AND sapsii_median <= q0.35 (34),3,"heart_rate_median,mbp_median,sapsii_median","perfusion,perfusion,severity",2,1084,0.08565784274990122,0.16420664206642066,0.4474169741697417,-0.283210332103321,-0.3201231406811084,-0.24629752352553363,4.143004389826449e-51,100.70417822967988,11.072601476014759,11.4,3.3607588057333436e-50,-28.321033210332104,-32.01231406811084,-24.629752352553364,28.321033210332104,True,benefit | heart_rate <= ; mbp > ; sapsii <=,1.0
R196-352-495,glucose_lab_std <= q0.35 (0) AND mbp_median > q0.65 (89) AND sapsii_max <= q0.35 (34),3,"glucose_lab_std,mbp_median,sapsii_max","other,perfusion,severity",3,1150,0.09087317265902806,0.17130434782608694,0.42695652173913046,-0.2556521739130435,-0.291589971155642,-0.21971437667044502,3.473716950516847e-44,100.56720945413224,11.756434782608695,14.0,1.7294041470384302e-43,-25.56521739130435,-29.1589971155642,-21.9714376670445,25.56521739130435,True,benefit | glucose_lab <= ; mbp > ; sapsii <=,1.0
R157-195-606,dbp_delta <= q0.35 (-8.606) AND glucose_lab_std <= q0.20 (0) AND spo2_std <= q0.35 (0.8245),3,"dbp_delta,glucose_lab_std,spo2_std","perfusion,other,respiratory",3,1972,0.15582773607269854,0.2682555780933063,0.4629817444219067,-0.1947261663286004,-0.22416669580419285,-0.16528563685300796,1.9609118177717938e-38,100.30804319401192,10.999290060851926,11.6,6.343161485262913e-38,-19.47261663286004,-22.416669580419285,-16.528563685300796,19.47261663286004,True,benefit | dbp <= ; glucose_lab <= ; spo2 <=,1.0
R171-473-507,dbp_median > q0.65 (72) AND resp_rate_max <= q0.35 (20) AND sapsii_min <= q0.35 (34),3,"dbp_median,resp_rate_max,sapsii_min","perfusion,respiratory,severity",3,1050,0.08297115764519952,0.16666666666666666,0.43333333333333335,-0.2666666666666667,-0.30417072076851115,-0.2291626125648223,3.8134989055245234e-44,100.23545613537492,11.33904761904762,14.0,1.8920696023988228e-43,-26.66666666666667,-30.417072076851113,-22.91626125648223,26.66666666666667,True,benefit | dbp > ; resp_rate <= ; sapsii <=,1.0
R352-427,mbp_median > q0.65 (89) AND potassium_std <= q0.35 (0.04242),2,"mbp_median,potassium_std","perfusion,other",2,2758,0.21793757408139075,0.2730239303843365,0.44960116026105873,-0.17657722987672225,-0.20150009928202803,-0.15165436047141648,7.648467528295185e-44,100.1510681980166,11.329115300942712,14.0,3.7122269174989185e-43,-17.657722987672226,-20.150009928202802,-15.165436047141649,17.657722987672226,True,benefit | mbp > ; potassium <=,1.0
R232-491,heart_rate_median <= q0.20 (70) AND resp_rate_std <= q0.35 (1.78),2,"heart_rate_median,resp_rate_std","perfusion,respiratory",2,3007,0.23761359146582378,0.27768540073162623,0.44662454273362157,-0.16893914200199533,-0.19285556001435816,-0.1450227239896325,1.3654663246136422e-43,100.05084334347846,10.574991686065847,9.9,6.4703469630385e-43,-16.893914200199532,-19.285556001435815,-14.502272398963251,16.893914200199532,True,benefit | heart_rate <= ; resp_rate <=,1.0
R195-408-625,glucose_lab_std <= q0.20 (0) AND platelets_slope <= q0.35 (-0.07924) AND temperature_min > q0.65 (36.89),3,"glucose_lab_std,platelets_slope,temperature_min","other,organ_failure,metabolic",3,1049,0.08289213749506125,0.20781696854146806,0.47378455672068637,-0.2659675881792183,-0.3049023913176243,-0.22703278504081228,7.015741100073159e-41,99.925067063502,8.443469971401333,8.1,2.6682818610114312e-40,-26.596758817921828,-30.49023913176243,-22.70327850408123,26.596758817921828,True,benefit | glucose_lab <= ; platelets <= ; temperature >,1.0
R171-408-627,dbp_median > q0.65 (72) AND platelets_slope <= q0.35 (-0.07924) AND temperature_std <= q0.35 (0.1001),3,"dbp_median,platelets_slope,temperature_std","perfusion,organ_failure,metabolic",3,1213,0.09585144211774002,0.2291838417147568,0.4765045342126958,-0.24732069249793898,-0.28405609366835655,-0.21058529132752143,9.291403929824893e-40,99.91917591111728,8.595548227535037,8.2,3.2759965223698714e-39,-24.7320692497939,-28.405609366835655,-21.058529132752142,24.7320692497939,True,benefit | dbp > ; platelets <= ; temperature <=,1.0
R196-288-625,glucose_lab_std <= q0.35 (0) AND lactate_std > q0.65 (0.3523) AND temperature_min > q0.65 (36.89),3,"glucose_lab_std,lactate_std,temperature_min","other,perfusion,metabolic",3,1021,0.08067957329118926,0.21351616062683643,0.4828599412340842,-0.2693437806072478,-0.3089844265688814,-0.22970313464561415,1.8316838262158974e-40,99.83384825594271,8.968756121449557,8.3,6.8057438770353654e-40,-26.93437806072478,-30.898442656888143,-22.970313464561414,26.93437806072478,True,benefit | glucose_lab <= ; lactate > ; temperature >,1.0
R171-408-603,dbp_median > q0.65 (72) AND platelets_slope <= q0.35 (-0.07924) AND spo2_slope > q0.65 (0.001268),3,"dbp_median,platelets_slope,spo2_slope","perfusion,organ_failure,respiratory",3,1218,0.09624654286843146,0.20607553366174056,0.4523809523809524,-0.24630541871921183,-0.28232455873923895,-0.21028627869918473,5.819623208100681e-41,99.71387638065798,8.73185550082102,8.4,2.2323951459645473e-40,-24.63054187192118,-28.232455873923897,-21.028627869918473,24.63054187192118,True,benefit | dbp > ; platelets <= ; spo2 >,1.0
R195-261-529,glucose_lab_std <= q0.20 (0) AND hemoglobin_slope <= q0.35 (-0.006063) AND sbp_min > q0.65 (102),3,"glucose_lab_std,hemoglobin_slope,sbp_min","other,anemia,perfusion",3,804,0.06353220071118135,0.19402985074626866,0.4962686567164179,-0.30223880597014924,-0.34630321825247645,-0.258174393687822,3.353156125871159e-41,99.41141109911082,8.059701492537313,7.9,1.3087688782000487e-40,-30.223880597014922,-34.63032182524765,-25.817439368782203,30.223880597014922,True,benefit | glucose_lab <= ; hemoglobin <= ; sbp >,1.0
R157-196-603,dbp_delta <= q0.35 (-8.606) AND glucose_lab_std <= q0.35 (0) AND spo2_slope > q0.65 (0.001268),3,"dbp_delta,glucose_lab_std,spo2_slope","perfusion,other,respiratory",3,1483,0.11718688265507704,0.21645313553607554,0.4389750505731625,-0.22252191503708696,-0.2553441398317432,-0.18969969024243072,2.716088151541598e-40,99.40342616247608,10.022319622387053,8.9,1.0014819630604748e-39,-22.252191503708694,-25.53441398317432,-18.96996902424307,22.252191503708694,True,benefit | dbp <= ; glucose_lab <= ; spo2 >,1.0
R196-352-627,glucose_lab_std <= q0.35 (0) AND mbp_median > q0.65 (89) AND temperature_std <= q0.35 (0.1001),3,"glucose_lab_std,mbp_median,temperature_std","other,perfusion,metabolic",3,1953,0.15432635322007113,0.2601126472094214,0.4536610343061956,-0.1935483870967742,-0.22297786960259655,-0.16411890459095183,5.104529927619097e-38,99.21987313943943,11.056016385048643,11.8,1.6012046284581267e-37,-19.35483870967742,-22.297786960259653,-16.411890459095183,19.35483870967742,True,benefit | glucose_lab <= ; mbp > ; temperature <=,1.0
R233-352-646,heart_rate_median <= q0.35 (70) AND mbp_median > q0.65 (89) AND urea_std <= q0.35 (0.6436),3,"heart_rate_median,mbp_median,urea_std","perfusion,perfusion,organ_failure",2,2048,0.16183326748320823,0.2568359375,0.45947265625,-0.20263671875,-0.23134032648619746,-0.17393311101380254,1.5272164935350655e-43,99.03914353994081,11.29921875,14.0,7.1491974677186275e-43,-20.263671875,-23.134032648619744,-17.393311101380256,20.263671875,True,benefit | heart_rate <= ; mbp > ; urea <=,1.0
R157-196-364,dbp_delta <= q0.35 (-8.606) AND glucose_lab_std <= q0.35 (0) AND nee_mcgkgmin_mean > q0.65 (0.0006669),3,"dbp_delta,glucose_lab_std,nee_mcgkgmin_mean","perfusion,other,perfusion",2,1196,0.09450809956538918,0.20234113712374582,0.4673913043478261,-0.26505016722408026,-0.30135464761758385,-0.22874568683057667,1.9092871159016108e-46,98.995950053981,9.168311036789298,8.4,1.1129512836411398e-45,-26.505016722408026,-30.135464761758385,-22.874568683057667,26.505016722408026,True,benefit | dbp <= ; glucose_lab <= ; nee_mcgkgmin >,1.0
R196-352-427,glucose_lab_std <= q0.35 (0) AND mbp_median > q0.65 (89) AND potassium_std <= q0.35 (0.04242),3,"glucose_lab_std,mbp_median,potassium_std","other,perfusion,other",2,2605,0.20584749111023312,0.2706333973128599,0.44990403071017276,-0.17927063339731286,-0.20488445085830848,-0.15365681593631725,7.921664142248648e-43,98.81816209234526,11.4331669865643,14.0,3.504626393977281e-42,-17.927063339731287,-20.488445085830847,-15.365681593631725,17.927063339731287,True,benefit | glucose_lab <= ; mbp > ; potassium <=,1.0
R196-352-583,glucose_lab_std <= q0.35 (0) AND mbp_median > q0.65 (89) AND sofa_std <= q0.35 (0),3,"glucose_lab_std,mbp_median,sofa_std","other,perfusion,severity",3,1921,0.151797708415646,0.2576782925559604,0.45132743362831856,-0.19364914107235814,-0.22327566551484287,-0.1640226166298734,1.418617323571208e-37,98.45487988537239,11.069963560645498,13.1,4.33279645956451e-37,-19.364914107235816,-22.32756655148429,-16.402261662987343,19.364914107235816,True,benefit | glucose_lab <= ; mbp > ; sofa <=,1.0
R196-352-536,glucose_lab_std <= q0.35 (0) AND mbp_median > q0.65 (89) AND sbp_std <= q0.35 (8.594),3,"glucose_lab_std,mbp_median,sbp_std","other,perfusion,perfusion",2,2225,0.1758198340576847,0.261123595505618,0.4543820224719101,-0.19325842696629214,-0.22084768147075784,-0.16566917246182644,6.760357079149099e-43,98.4526030949907,11.172584269662922,14.0,3.006907289805581e-42,-19.325842696629213,-22.084768147075785,-16.566917246182644,19.325842696629213,True,benefit | glucose_lab <= ; mbp > ; sbp <=,1.0
R171-473-646,dbp_median > q0.65 (72) AND resp_rate_max <= q0.35 (20) AND urea_std <= q0.35 (0.6436),3,"dbp_median,resp_rate_max,urea_std","perfusion,respiratory,organ_failure",3,1997,0.15780323982615568,0.26189283925888834,0.4516775162744116,-0.18978467701552326,-0.21891005167135355,-0.16065930235969297,2.362130433401744e-37,98.38030548214483,11.522383575363046,14.0,7.109681636600994e-37,-18.978467701552326,-21.891005167135354,-16.065930235969297,18.978467701552326,True,benefit | dbp > ; resp_rate <= ; urea <=,1.0
R134-352,creatinine_mean <= q0.35 (0.9) AND mbp_median > q0.65 (89),2,"creatinine_mean,mbp_median","organ_failure,perfusion",2,1582,0.1250098775187673,0.22439949431099873,0.4532237673830594,-0.22882427307206069,-0.26083054750635926,-0.19681799863776211,1.3028145472473855e-44,98.29447025355653,9.259671302149178,8.5,6.657554514568138e-44,-22.88242730720607,-26.083054750635924,-19.681799863776213,22.88242730720607,True,benefit | creatinine <= ; mbp >,1.0
R171-195-536,dbp_median > q0.65 (72) AND glucose_lab_std <= q0.20 (0) AND sbp_std <= q0.35 (8.594),3,"dbp_median,glucose_lab_std,sbp_std","perfusion,other,perfusion",2,2240,0.17700513630975898,0.26160714285714287,0.45357142857142857,-0.1919642857142857,-0.21946588012829196,-0.16446269130027943,1.3182134541643603e-42,98.12240897398077,11.168482142857144,14.0,5.70570002548753e-42,-19.19642857142857,-21.946588012829196,-16.446269130027943,19.19642857142857,True,benefit | dbp > ; glucose_lab <= ; sbp <=,1.0
R196-261-625,glucose_lab_std <= q0.35 (0) AND hemoglobin_slope <= q0.35 (-0.006063) AND temperature_min > q0.65 (36.89),3,"glucose_lab_std,hemoglobin_slope,temperature_min","other,anemia,metabolic",3,1004,0.0793362307388384,0.21613545816733068,0.48306772908366535,-0.26693227091633465,-0.3069788824524229,-0.2268856593802464,5.255802276836387e-39,98.1128580175225,8.107270916334661,8.0,1.7774724901254253e-38,-26.693227091633464,-30.69788824524229,-22.68856593802464,26.693227091633464,True,benefit | glucose_lab <= ; hemoglobin <= ; temperature >,1.0
R233-352-583,heart_rate_median <= q0.35 (70) AND mbp_median > q0.65 (89) AND sofa_std <= q0.35 (0),3,"heart_rate_median,mbp_median,sofa_std","perfusion,perfusion,severity",2,1941,0.1533781114184117,0.25656877897990726,0.46264811952601753,-0.20607934054611027,-0.23556743306105554,-0.176591248031165,1.0496463424397444e-42,98.05527886105533,10.513086038124678,9.7,4.619081021358512e-42,-20.607934054611025,-23.556743306105552,-17.659124803116498,20.607934054611025,True,benefit | heart_rate <= ; mbp > ; sofa <=,1.0
R352-491-625,mbp_median > q0.65 (89) AND resp_rate_std <= q0.35 (1.78) AND temperature_min > q0.65 (36.89),3,"mbp_median,resp_rate_std,temperature_min","perfusion,respiratory,metabolic",3,1754,0.13860134334255236,0.2571265678449259,0.4589509692132269,-0.20182440136830104,-0.2328439488557099,-0.1708048538808922,3.020246252015878e-37,98.04974233843747,10.86043329532497,10.5,9.034259031300717e-37,-20.182440136830103,-23.28439488557099,-17.08048538808922,20.182440136830103,True,benefit | mbp > ; resp_rate <= ; temperature >,1.0
R196-408-529,glucose_lab_std <= q0.35 (0) AND platelets_slope <= q0.35 (-0.07924) AND sbp_min > q0.65 (102),3,"glucose_lab_std,platelets_slope,sbp_min","other,organ_failure,perfusion",3,793,0.06266297905966021,0.1841109709962169,0.4842370744010088,-0.30012610340479196,-0.344144156088582,-0.2561080507210019,9.844799473197636e-41,98.03888257649317,8.480201765447665,8.0,3.727143403691011e-40,-30.012610340479196,-34.4144156088582,-25.61080507210019,30.012610340479196,True,benefit | glucose_lab <= ; platelets <= ; sbp >,1.0
R171-195-556,dbp_median > q0.65 (72) AND glucose_lab_std <= q0.20 (0) AND sodium_std <= q0.35 (0.2074),3,"dbp_median,glucose_lab_std,sodium_std","perfusion,other,other",2,2613,0.20647965231133938,0.26865671641791045,0.446230386528894,-0.17757367011098357,-0.20311107759231703,-0.15203626262965012,2.6995793283925064e-42,98.0329408776955,11.433716035208572,14.0,1.1420539828356336e-41,-17.757367011098356,-20.311107759231703,-15.203626262965011,17.757367011098356,True,benefit | dbp > ; glucose_lab <= ; sodium <=,1.0
R196-261-364,glucose_lab_std <= q0.35 (0) AND hemoglobin_slope <= q0.35 (-0.006063) AND nee_mcgkgmin_mean > q0.65 (0.0006669),3,"glucose_lab_std,hemoglobin_slope,nee_mcgkgmin_mean","other,anemia,perfusion",3,1015,0.08020545239035955,0.19408866995073892,0.45911330049261084,-0.2650246305418719,-0.30416407170661763,-0.22588518937712623,3.376727773849414e-40,97.94386730600922,8.166600985221674,8.0,1.2364280990105178e-39,-26.502463054187192,-30.416407170661763,-22.588518937712625,26.502463054187192,True,benefit | glucose_lab <= ; hemoglobin <= ; nee_mcgkgmin >,1.0
R288-427-583,lactate_std > q0.65 (0.3523) AND potassium_std <= q0.35 (0.04242) AND sofa_std <= q0.35 (0),3,"lactate_std,potassium_std,sofa_std","perfusion,other,severity",3,808,0.06384828131173449,0.20668316831683167,0.5037128712871287,-0.29702970297029707,-0.34139313080932376,-0.2526662751312704,2.433371363323362e-39,97.94077822645663,9.35420792079208,8.3,8.431035786902927e-39,-29.702970297029708,-34.139313080932375,-25.266627513127037,29.702970297029708,True,benefit | lactate > ; potassium <= ; sofa <=,1.0
R196-408-646,glucose_lab_std <= q0.35 (0) AND platelets_slope <= q0.35 (-0.07924) AND urea_std <= q0.35 (0.6436),3,"glucose_lab_std,platelets_slope,urea_std","other,organ_failure,organ_failure",2,1073,0.08478862109838009,0.20410065237651445,0.4808946877912395,-0.276794035414725,-0.3152042047355883,-0.23838386609386175,2.6910435218995396e-45,97.92201549375777,8.52851817334576,8.0,1.4112163134735382e-44,-27.679403541472503,-31.52042047355883,-23.838386609386177,27.679403541472503,True,benefit | glucose_lab <= ; platelets <= ; urea <=,1.0
R232-503,heart_rate_median <= q0.20 (70) AND sapsii_median <= q0.35 (34),2,"heart_rate_median,sapsii_median","perfusion,severity",2,1607,0.12698538127222442,0.19788425637834475,0.4237710018668326,-0.22588674548848783,-0.25692197547270024,-0.1948515155042754,3.581900230135341e-46,97.79630405971962,10.678344741754824,10.0,2.0169923626004834e-45,-22.588674548848783,-25.692197547270023,-19.485151550427542,22.588674548848783,True,benefit | heart_rate <= ; sapsii <=,1.0
R232-260,heart_rate_median <= q0.20 (70) AND hemoglobin_slope <= q0.20 (-0.01479),2,"heart_rate_median,hemoglobin_slope","perfusion,anemia",2,1529,0.12082180956143816,0.2622629169391759,0.49378678875081755,-0.23152387181164163,-0.26490269135391364,-0.19814505226936963,4.284558178159439e-42,97.77397568101084,8.07841726618705,7.9,1.7852325742330996e-41,-23.152387181164162,-26.490269135391365,-19.814505226936962,23.152387181164162,True,benefit | heart_rate <= ; hemoglobin <=,1.0
R171-556,dbp_median > q0.65 (72) AND sodium_std <= q0.35 (0.2074),2,"dbp_median,sodium_std","perfusion,other",2,2722,0.21509284867641248,0.27406318883174136,0.44746509919177074,-0.1734019103600294,-0.19849610214523686,-0.14830771857482192,8.635029342778393e-42,97.70610341792312,11.369434239529758,14.0,3.529469357865728e-41,-17.34019103600294,-19.849610214523686,-14.830771857482192,17.34019103600294,True,benefit | dbp > ; sodium <=,1.0
R157-408-627,dbp_delta <= q0.35 (-8.606) AND platelets_slope <= q0.35 (-0.07924) AND temperature_std <= q0.35 (0.1001),3,"dbp_delta,platelets_slope,temperature_std","perfusion,organ_failure,metabolic",3,1244,0.09830106677202687,0.22588424437299034,0.4646302250803859,-0.23874598070739553,-0.2749143345574919,-0.20257762685729913,2.7508716606499987e-38,97.67968453933591,8.59790996784566,8.2,8.800361628113619e-38,-23.87459807073955,-27.491433455749192,-20.25776268572991,23.87459807073955,True,benefit | dbp <= ; platelets <= ; temperature <=,1.0
R196-232-603,glucose_lab_std <= q0.35 (0) AND heart_rate_median <= q0.20 (70) AND spo2_slope > q0.65 (0.001268),3,"glucose_lab_std,heart_rate_median,spo2_slope","other,perfusion,respiratory",3,1401,0.11070723034373765,0.21413276231263384,0.43897216274089934,-0.2248394004282655,-0.2585548036305975,-0.19112399722593348,4.839330411974449e-39,97.62239887603987,10.029407566024268,8.7,1.6404509871099828e-38,-22.48394004282655,-25.85548036305975,-19.11239972259335,22.48394004282655,True,benefit | glucose_lab <= ; heart_rate <= ; spo2 >,1.0
R195-284-364,glucose_lab_std <= q0.20 (0) AND lactate_slope > q0.65 (0.0002952) AND nee_mcgkgmin_mean > q0.65 (0.0006669),3,"glucose_lab_std,lactate_slope,nee_mcgkgmin_mean","other,perfusion,perfusion",2,1218,0.09624654286843146,0.19950738916256158,0.458128078817734,-0.2586206896551724,-0.29449110394073186,-0.22275027536961287,2.4351217107013584e-45,97.4789101859191,8.665927750410509,8.2,1.281643005632294e-44,-25.86206896551724,-29.449110394073188,-22.275027536961286,25.86206896551724,True,benefit | glucose_lab <= ; lactate > ; nee_mcgkgmin >,1.0
R171-491-627,dbp_median > q0.65 (72) AND resp_rate_std <= q0.35 (1.78) AND temperature_std <= q0.35 (0.1001),3,"dbp_median,resp_rate_std,temperature_std","perfusion,respiratory,metabolic",3,1858,0.14681943895693403,0.26480086114101187,0.45909580193756727,-0.1942949407965554,-0.22455983114302328,-0.16403005045008753,2.624437400325801e-36,97.14989516887807,10.859634015069966,10.5,7.410777469274414e-36,-19.42949407965554,-22.455983114302327,-16.403005045008754,19.42949407965554,True,benefit | dbp > ; resp_rate <= ; temperature <=,1.0
R285-473-627,lactate_slope > q0.80 (0.002694) AND resp_rate_max <= q0.35 (20) AND temperature_std <= q0.35 (0.1001),3,"lactate_slope,resp_rate_max,temperature_std","perfusion,respiratory,metabolic",3,995,0.07862504938759383,0.2271356783919598,0.49246231155778897,-0.26532663316582916,-0.3058577260500614,-0.22479554028159693,1.1043608284862524e-37,97.0846067320747,9.058291457286431,8.4,3.3854613135413657e-37,-26.532663316582916,-30.585772605006138,-22.479554028159694,26.532663316582916,True,benefit | lactate > ; resp_rate <= ; temperature <=,1.0
R195-352-625,glucose_lab_std <= q0.20 (0) AND mbp_median > q0.65 (89) AND temperature_min > q0.65 (36.89),3,"glucose_lab_std,mbp_median,temperature_min","other,perfusion,metabolic",3,1841,0.14547609640458317,0.2558392178164041,0.4508419337316676,-0.19500271591526347,-0.2252336009316578,-0.16477183089886913,1.2249049465269158e-36,97.0567050637269,11.087887017925043,12.5,3.5205394895223547e-36,-19.500271591526346,-22.52336009316578,-16.477183089886914,19.500271591526346,True,benefit | glucose_lab <= ; mbp > ; temperature >,1.0
R196-284-529,glucose_lab_std <= q0.35 (0) AND lactate_slope > q0.65 (0.0002952) AND sbp_min > q0.65 (102),3,"glucose_lab_std,lactate_slope,sbp_min","other,perfusion,perfusion",2,937,0.07404188067957329,0.18890074706510138,0.4823906083244397,-0.2934898612593383,-0.33413314327875854,-0.25284657923991805,1.7797284741002775e-45,97.02567077714296,9.565314834578443,8.5,9.42687228290558e-45,-29.34898612593383,-33.41331432787585,-25.284657923991805,29.34898612593383,True,benefit | glucose_lab <= ; lactate > ; sbp >,1.0
R134-275,creatinine_mean <= q0.35 (0.9) AND lactate_mean > q0.65 (1.717),2,"creatinine_mean,lactate_mean","organ_failure,perfusion",2,1780,0.14065586724614776,0.23202247191011235,0.4449438202247191,-0.21292134831460677,-0.2432128404190561,-0.18262985621015743,3.5054603384968024e-43,97.01814448622775,8.454662921348314,8.1,1.582231125547195e-42,-21.292134831460675,-24.32128404190561,-18.262985621015744,21.292134831460675,True,benefit | creatinine <= ; lactate >,1.0
R167-261-625,dbp_mean > q0.65 (70.6) AND hemoglobin_slope <= q0.35 (-0.006063) AND temperature_min > q0.65 (36.89),3,"dbp_mean,hemoglobin_slope,temperature_min","perfusion,anemia,metabolic",3,1066,0.08423548004741209,0.2373358348968105,0.49343339587242024,-0.25609756097560976,-0.2955068114779474,-0.21668831047327214,3.6881378881885055e-37,96.9933666326296,8.254127579737336,8.1,1.0969846026406837e-36,-25.609756097560975,-29.550681147794737,-21.668831047327213,25.609756097560975,True,benefit | dbp > ; hemoglobin <= ; temperature >,1.0
R171-195-507,dbp_median > q0.65 (72) AND glucose_lab_std <= q0.20 (0) AND sapsii_min <= q0.35 (34),3,"dbp_median,glucose_lab_std,sapsii_min","perfusion,other,severity",3,1146,0.09055709205847491,0.1719022687609075,0.418848167539267,-0.2469458987783595,-0.28290641207499884,-0.2109853854817202,2.7039249389032143e-41,96.97328683462958,11.822338568935429,14.0,1.0639596096091346e-40,-24.694589877835952,-28.290641207499885,-21.09853854817202,24.694589877835952,True,benefit | dbp > ; glucose_lab <= ; sapsii <=,1.0
R285-646,lactate_slope > q0.80 (0.002694) AND urea_std <= q0.35 (0.6436),2,"lactate_slope,urea_std","perfusion,organ_failure",2,1132,0.08945080995653892,0.23763250883392226,0.5044169611307421,-0.2667844522968198,-0.30503555200378807,-0.2285333525898515,1.5312024062060402e-42,96.94099768313777,9.566872791519435,8.6,6.578892399800666e-42,-26.67844522968198,-30.503555200378806,-22.85333525898515,26.67844522968198,True,benefit | lactate > ; urea <=,1.0
R157-352,dbp_delta <= q0.35 (-8.606) AND mbp_median > q0.65 (89),2,"dbp_delta,mbp_median","perfusion,perfusion",1,3316,0.2620308178585539,0.2819662243667069,0.4502412545235223,-0.16827503015681544,-0.19110724240461024,-0.14544281790902064,2.682320541210826e-47,96.9007052747827,10.440289505428227,9.5,1.6532900254009345e-46,-16.827503015681543,-19.110724240461025,-14.544281790902064,16.827503015681543,True,benefit | dbp <= ; mbp >,1.0
R157-408-625,dbp_delta <= q0.35 (-8.606) AND platelets_slope <= q0.35 (-0.07924) AND temperature_min > q0.65 (36.89),3,"dbp_delta,platelets_slope,temperature_min","perfusion,organ_failure,metabolic",3,1164,0.09197945476096404,0.22508591065292097,0.4699312714776632,-0.24484536082474226,-0.2822319268413578,-0.2074587948081267,1.029587276480319e-37,96.90057610501877,8.606615120274913,8.2,3.1612526223323717e-37,-24.484536082474225,-28.22319268413578,-20.745879480812672,24.484536082474225,True,benefit | dbp <= ; platelets <= ; temperature >,1.0
R171-195-627,dbp_median > q0.65 (72) AND glucose_lab_std <= q0.20 (0) AND temperature_std <= q0.35 (0.1001),3,"dbp_median,glucose_lab_std,temperature_std","perfusion,other,metabolic",3,1941,0.1533781114184117,0.25914477073673364,0.44873776403915505,-0.1895929933024214,-0.21908158463662722,-0.1601044019682156,2.0700797573090972e-36,96.89314222270204,11.066151468315303,12.1,5.897083788012163e-36,-18.95929933024214,-21.908158463662723,-16.01044019682156,18.95929933024214,True,benefit | dbp > ; glucose_lab <= ; temperature <=,1.0
R288-555-583,lactate_std > q0.65 (0.3523) AND sodium_std <= q0.20 (0) AND sofa_std <= q0.35 (0),3,"lactate_std,sodium_std,sofa_std","perfusion,other,severity",3,785,0.06203081785855393,0.2089171974522293,0.5070063694267516,-0.2980891719745223,-0.3431668223475971,-0.25301152160144746,2.0337900083241836e-38,96.88109042289243,9.387770700636942,8.4,6.571577742774521e-38,-29.808917197452228,-34.31668223475971,-25.301152160144746,29.808917197452228,True,benefit | lactate > ; sodium <= ; sofa <=,1.0
R134-473,creatinine_mean <= q0.35 (0.9) AND resp_rate_max <= q0.35 (20),2,"creatinine_mean,resp_rate_max","organ_failure,respiratory",2,1670,0.13196365073093638,0.21976047904191617,0.43892215568862275,-0.21916167664670658,-0.25016072973780745,-0.18816262355560573,1.1524147407456151e-43,96.72675211569083,9.164910179640719,8.5,5.483187445713345e-43,-21.916167664670656,-25.016072973780744,-18.81626235556057,21.916167664670656,True,benefit | creatinine <= ; resp_rate <=,1.0
R196-233-556,glucose_lab_std <= q0.35 (0) AND heart_rate_median <= q0.35 (70) AND sodium_std <= q0.35 (0.2074),3,"glucose_lab_std,heart_rate_median,sodium_std","other,perfusion,other",2,2566,0.20276570525483997,0.269680436477007,0.44621979734996103,-0.17653936087295402,-0.20232327584888893,-0.1507554458970191,4.62436673685039e-41,96.58143003008539,11.261418550272799,14.0,1.7857075282112025e-40,-17.653936087295403,-20.232327584888893,-15.075544589701911,17.653936087295403,True,benefit | glucose_lab <= ; heart_rate <= ; sodium <=,1.0
R495-625,sapsii_max <= q0.35 (34) AND temperature_min > q0.65 (36.89),2,"sapsii_max,temperature_min","severity,metabolic",2,1662,0.13133148952983012,0.19253910950661854,0.41155234657039713,-0.2190132370637786,-0.24933037660893845,-0.18869609751861874,1.6388704168946855e-45,96.42943661293147,10.521901323706379,9.7,8.736625384181228e-45,-21.90132370637786,-24.933037660893845,-18.869609751861873,21.90132370637786,True,benefit | sapsii <= ; temperature >,1.0
R157-232,dbp_delta <= q0.35 (-8.606) AND heart_rate_median <= q0.20 (70),2,"dbp_delta,heart_rate_median","perfusion,perfusion",1,2999,0.2369814302647175,0.27675891963988,0.45281760586862285,-0.17605868622874288,-0.20001259681858344,-0.15210477563890232,4.758399632341282e-47,96.41524066701083,10.250683561187062,9.2,2.8868951744329955e-46,-17.605868622874286,-20.001259681858343,-15.210477563890231,17.605868622874286,True,benefit | dbp <= ; heart_rate <=,1.0
R195-233-627,glucose_lab_std <= q0.20 (0) AND heart_rate_median <= q0.35 (70) AND temperature_std <= q0.35 (0.1001),3,"glucose_lab_std,heart_rate_median,temperature_std","other,perfusion,metabolic",3,1950,0.15408929276965627,0.2641025641025641,0.4523076923076923,-0.1882051282051282,-0.21771641456138377,-0.1586938418488726,7.493910927337287e-36,96.40659579520745,10.991794871794871,11.0,2.0415539398100642e-35,-18.820512820512818,-21.771641456138376,-15.869384184887261,18.820512820512818,True,benefit | glucose_lab <= ; heart_rate <= ; temperature <=,1.0
R8-508,alkaline_phosphatase_mean > q0.65 (75) AND sapsii_min > q0.65 (43),2,"alkaline_phosphatase_mean,sapsii_min","other,severity",2,1129,0.08921374950612407,0.7139061116031886,0.4552701505757307,0.2586359610274579,0.2194080459151221,0.2978638761397937,3.3562524393227595e-38,93.85548018266628,7.61452612931798,7.2,1.059676872513446e-37,25.863596102745788,21.94080459151221,29.78638761397937,25.863596102745788,True,harm | alkaline_phosphatase > ; sapsii >,1.0
R132-351,creatinine_max > q0.80 (1.6) AND mbp_median <= q0.35 (73),2,"creatinine_max,mbp_median","organ_failure,perfusion",2,1379,0.10896878704069538,0.659173313995649,0.444525018129079,0.21464829586657003,0.17840275654956728,0.2508938351835728,3.786425119974352e-31,86.08615951500865,7.730166787527195,7.3,7.8657828423535964e-31,21.464829586657004,17.840275654956727,25.089383518357277,21.464829586657004,True,harm | creatinine > ; mbp <=,1.0
R132-496,creatinine_max > q0.80 (1.6) AND sapsii_max > q0.65 (43),2,"creatinine_max,sapsii_max","organ_failure,severity",2,1525,0.12050572896088503,0.6629508196721311,0.45901639344262296,0.20393442622950814,0.16946094822867225,0.23840790423034403,4.3812586931076525e-31,86.01005446372218,7.7545573770491805,7.4,9.078706831019787e-31,20.393442622950815,16.946094822867224,23.840790423034402,20.393442622950815,True,harm | creatinine > ; sapsii >,1.0
R5-647,alkaline_phosphatase_mean > q0.20 (75) AND urea_std > q0.65 (2.813),2,"alkaline_phosphatase_mean,urea_std","other,organ_failure",2,1390,0.10983800869221652,0.6611510791366907,0.45323741007194246,0.20791366906474823,0.1718019884292132,0.24402534970028325,1.5610912125879632e-29,83.71710430943511,7.543165467625899,7.2,3.018109677670062e-29,20.791366906474824,17.18019884292132,24.402534970028324,20.791366906474824,True,harm | alkaline_phosphatase > ; urea >,1.0
R7-351,alkaline_phosphatase_mean > q0.50 (75) AND mbp_median <= q0.35 (73),2,"alkaline_phosphatase_mean,mbp_median","other,perfusion",2,1194,0.0943500592651126,0.6750418760469011,0.4564489112227806,0.21859296482412055,0.17981117680426117,0.2573747528439799,2.2537820307729154e-28,81.5759423596154,7.564740368509212,7.2,4.155097195957696e-28,21.859296482412056,17.981117680426117,25.73747528439799,21.859296482412056,True,harm | alkaline_phosphatase > ; mbp <=,1.0
R6-98,alkaline_phosphatase_mean > q0.35 (75) AND bilirubin_total_slope > q0.35 (0),2,"alkaline_phosphatase_mean,bilirubin_total_slope","other,organ_failure",2,1067,0.08431450019755038,0.669165885660731,0.4423617619493908,0.22680412371134018,0.18575300777209366,0.2678552396505867,2.5131105632536643e-27,80.0123289468889,7.813870665417057,7.4,4.433102575082498e-27,22.680412371134018,18.575300777209367,26.785523965058673,22.680412371134018,True,harm | alkaline_phosphatase > ; bilirubin_total >,1.0
R6-131,alkaline_phosphatase_mean > q0.35 (75) AND creatinine_max > q0.65 (1.1),2,"alkaline_phosphatase_mean,creatinine_max","other,organ_failure",2,1383,0.10928486764124852,0.6681127982646421,0.4692697035430224,0.1988430947216197,0.16268043880027033,0.23500575064296908,4.410704402496021e-27,79.86295202589669,7.532827187274043,7.2,7.71009208392915e-27,19.88430947216197,16.268043880027033,23.500575064296907,19.88430947216197,True,harm | alkaline_phosphatase > ; creatinine >,1.0
R132-169,creatinine_max > q0.80 (1.6) AND dbp_median <= q0.20 (52),2,"creatinine_max,dbp_median","organ_failure,perfusion",2,913,0.07214539707625445,0.6746987951807228,0.4315443592552026,0.24315443592552022,0.19893114966531394,0.2873777221857265,4.433375332389081e-27,79.34897867150084,7.73329682365827,7.3,7.745053291523093e-27,24.315443592552022,19.893114966531396,28.737772218572648,24.315443592552022,True,harm | creatinine > ; dbp <=,1.0
R9-76,alkaline_phosphatase_mean > q0.80 (75) AND ast_std > q0.50 (0),2,"alkaline_phosphatase_mean,ast_std","other,other",1,2037,0.16096404583168708,0.6146293568973982,0.43888070692194403,0.17574864997545414,0.1455637245741158,0.2059335753767925,3.6467486801614115e-30,79.32087788924969,7.675797741777123,7.3,7.293497360322823e-30,17.574864997545415,14.556372457411578,20.59335753767925,17.574864997545415,True,harm | alkaline_phosphatase > ; ast >,1.0
R9-35,alkaline_phosphatase_mean > q0.80 (75) AND alt_std > q0.20 (0),2,"alkaline_phosphatase_mean,alt_std","other,other",1,2030,0.1604109047807191,0.6118226600985222,0.43940886699507387,0.1724137931034483,0.14215497650737052,0.20267260969952605,5.847045486600745e-29,77.68193328323318,7.688177339901478,7.3,1.1079014643020034e-28,17.24137931034483,14.215497650737053,20.267260969952606,17.24137931034483,True,harm | alkaline_phosphatase > ; alt >,1.0
R132-648,creatinine_max > q0.80 (1.6) AND urea_std > q0.80 (5.561),2,"creatinine_max,urea_std","organ_failure,organ_failure",1,1667,0.13172659028052153,0.617876424715057,0.4277144571085783,0.1901619676064787,0.15687251868838628,0.2234514165245711,4.252933557392619e-29,77.6410611282804,7.6875824835032995,7.3,8.12484012940619e-29,19.01619676064787,15.687251868838628,22.34514165245711,19.01619676064787,True,harm | creatinine > ; urea >,1.0
R132-375,creatinine_max > q0.80 (1.6) AND phosphorus_mean > q0.50 (3.5),2,"creatinine_max,phosphorus_mean","organ_failure,other",2,1865,0.14737258000790202,0.606970509383378,0.4407506702412869,0.16621983914209115,0.13461100429967343,0.19782867398450887,6.554420708417824e-25,77.52575979398968,7.744932975871313,7.3,1.0463980211622179e-24,16.621983914209114,13.461100429967344,19.782867398450886,16.621983914209114,True,harm | creatinine > ; phosphorus >,1.0
R0-437,alkaline_phosphatase_max > q0.20 (75) AND pt_mean > q0.80 (15.35),2,"alkaline_phosphatase_max,pt_mean","other,organ_failure",2,1053,0.08320821809561438,0.671415004748338,0.45963912630579296,0.21177587844254508,0.17041186192290042,0.25313989496218975,1.0714779995531731e-23,74.21888625493564,7.663912630579298,7.3,1.6234515144745048e-23,21.177587844254507,17.04118619229004,25.313989496218976,21.177587844254507,True,harm | alkaline_phosphatase > ; pt >,1.0
R1-284,alkaline_phosphatase_max > q0.35 (75) AND lactate_slope > q0.65 (0.0002952),2,"alkaline_phosphatase_max,lactate_slope","other,perfusion",2,654,0.05167917819043856,0.672782874617737,0.40672782874617736,0.26605504587155965,0.21399221018012105,0.31811788156299825,1.2947981238729066e-23,73.48253490306263,7.928746177370032,7.5,1.9582344507073948e-23,26.605504587155966,21.399221018012106,31.811788156299826,26.605504587155966,True,harm | alkaline_phosphatase > ; lactate >,1.0
R132-480,creatinine_max > q0.80 (1.6) AND resp_rate_median > q0.65 (18.5),2,"creatinine_max,resp_rate_median","organ_failure,respiratory",2,1344,0.1062030817858554,0.6361607142857143,0.4568452380952381,0.17931547619047622,0.14229047464212147,0.21634047773883097,2.2564595999238716e-21,70.99719058828013,7.573511904761904,7.2,3.1881767794295872e-21,17.93154761904762,14.229047464212147,21.634047773883097,17.93154761904762,True,harm | creatinine > ; resp_rate >,1.0
R7-314,alkaline_phosphatase_mean > q0.50 (75) AND ldh_std > q0.80 (5.731),2,"alkaline_phosphatase_mean,ldh_std","other,other",1,1344,0.1062030817858554,0.6473214285714286,0.45461309523809523,0.19270833333333337,0.1558133140255038,0.22960335264116294,1.3483832739731244e-24,70.64804196390254,7.480729166666667,7.1,2.098369463118895e-24,19.270833333333336,15.58133140255038,22.960335264116296,19.270833333333336,True,harm | alkaline_phosphatase > ; ldh >,1.0
R7-125,alkaline_phosphatase_mean > q0.50 (75) AND ck_total_std > q0.65 (0),2,"alkaline_phosphatase_mean,ck_total_std","other,other",1,831,0.06566574476491506,0.6823104693140795,0.43922984356197353,0.24308062575210593,0.1968128281964528,0.28934842330775906,7.2391319359107635e-25,70.073023626732,7.780024067388689,7.5,1.141570560855966e-24,24.30806257521059,19.68128281964528,28.934842330775908,24.30806257521059,True,harm | alkaline_phosphatase > ; ck_total >,1.0
R9-570,alkaline_phosphatase_mean > q0.80 (75) AND sofa_mean > q0.80 (6.339),2,"alkaline_phosphatase_mean,sofa_mean","other,severity",2,935,0.07388384037929673,0.6909090909090909,0.4802139037433155,0.2106951871657754,0.16707205612265053,0.2543183182089003,2.891111552676563e-21,69.57996023504298,7.621497326203209,7.2,4.067049964958541e-21,21.06951871657754,16.707205612265053,25.43183182089003,21.06951871657754,True,harm | alkaline_phosphatase > ; sofa >,1.0
R132-284,creatinine_max > q0.80 (1.6) AND lactate_slope > q0.65 (0.0002952),2,"creatinine_max,lactate_slope","organ_failure,perfusion",2,753,0.059502173054128804,0.649402390438247,0.4169986719787517,0.2324037184594953,0.1833951449108826,0.281412292008108,1.478684587531826e-20,68.87542886396584,8.020982735723772,7.5,2.0556976528486554e-20,23.240371845949532,18.33951449108826,28.141229200810802,23.240371845949532,True,harm | creatinine > ; lactate >,1.0
R132-570,creatinine_max > q0.80 (1.6) AND sofa_mean > q0.80 (6.339),2,"creatinine_max,sofa_mean","organ_failure,severity",2,1209,0.09553536151718688,0.6451612903225806,0.46484698097601324,0.1803143093465674,0.14135447367614962,0.21927414501698517,1.176139763003939e-19,67.71222716168793,7.661621174524401,7.3,1.592717867247921e-19,18.03143093465674,14.135447367614962,21.927414501698518,18.03143093465674,True,harm | creatinine > ; sofa >,1.0
R132-261,creatinine_max > q0.80 (1.6) AND hemoglobin_slope <= q0.35 (-0.006063),2,"creatinine_max,hemoglobin_slope","organ_failure,anemia",2,803,0.06345318056104307,0.589041095890411,0.3711083437110834,0.21793275217932756,0.17023974976781706,0.2656257545908381,3.36052106743598e-19,66.69665162123535,7.537359900373598,7.3,4.479664948547158e-19,21.793275217932756,17.023974976781705,26.56257545908381,21.793275217932756,True,harm | creatinine > ; hemoglobin <=,1.0
R271-634,lactate_max > q0.65 (2.3) AND urea_mean > q0.80 (28.34),2,"lactate_max,urea_mean","perfusion,organ_failure",2,818,0.06463848281311735,0.6723716381418093,0.4621026894865526,0.21026894865525675,0.16334471171941575,0.2571931855910978,1.5942581406312256e-18,64.94946088642811,7.675672371638141,7.3,2.0977080797779286e-18,21.026894865525676,16.334471171941576,25.719318559109777,21.026894865525676,True,harm | lactate > ; urea >,1.0
R7-405,alkaline_phosphatase_mean > q0.50 (75) AND platelets_min <= q0.35 (130),2,"alkaline_phosphatase_mean,platelets_min","other,organ_failure",2,1032,0.08154879494271039,0.6472868217054264,0.46027131782945735,0.18701550387596905,0.1448893650214491,0.22914164273048898,3.2822613569768152e-18,64.88453787932805,7.584496124031007,7.2,4.2934406563972775e-18,18.701550387596903,14.488936502144911,22.914164273048897,18.701550387596903,True,harm | alkaline_phosphatase > ; platelets <=,1.0
R132-364,creatinine_max > q0.80 (1.6) AND nee_mcgkgmin_mean > q0.65 (0.0006669),2,"creatinine_max,nee_mcgkgmin_mean","organ_failure,perfusion",2,1040,0.08218095614381667,0.6230769230769231,0.4394230769230769,0.18365384615384617,0.1414944562834457,0.22581323602424663,1.3643416350698741e-17,63.96471262765482,7.81875,7.4,1.758094086515279e-17,18.365384615384617,14.14944562834457,22.581323602424664,18.365384615384617,True,harm | creatinine > ; nee_mcgkgmin >,1.0
R1-480,alkaline_phosphatase_max > q0.35 (75) AND resp_rate_median > q0.65 (18.5),2,"alkaline_phosphatase_max,resp_rate_median","other,respiratory",2,1435,0.11339391544843935,0.6188153310104529,0.4627177700348432,0.15609756097560973,0.12008335427324045,0.192111767677979,1.9743510084394042e-17,63.862486412069075,7.490034843205575,7.1,2.5301007178410393e-17,15.609756097560973,12.008335427324045,19.211176767797898,15.609756097560973,True,harm | alkaline_phosphatase > ; resp_rate >,1.0
R132-437,creatinine_max > q0.80 (1.6) AND pt_mean > q0.80 (15.35),2,"creatinine_max,pt_mean","organ_failure,organ_failure",1,979,0.07736072698538127,0.6710929519918284,0.46782431052093976,0.20326864147088863,0.16033761493094278,0.24619966801083448,1.692337984520915e-20,63.600675824008995,7.703370786516854,7.4,2.3431750561521385e-20,20.326864147088862,16.03376149309428,24.61996680108345,20.326864147088862,True,harm | creatinine > ; pt >,1.0
R1-374,alkaline_phosphatase_max > q0.35 (75) AND phosphorus_mean > q0.35 (3.5),2,"alkaline_phosphatase_max,phosphorus_mean","other,other",1,1359,0.10738838403792968,0.6210448859455482,0.4554819720382634,0.16556291390728478,0.12859844093502507,0.2025273868795445,1.6524410242490195e-18,61.034134407836966,7.642384105960265,7.3,2.1713090033176967e-18,16.55629139072848,12.859844093502506,20.252738687954448,16.55629139072848,True,harm | alkaline_phosphatase > ; phosphorus >,1.0
R0-364,alkaline_phosphatase_max > q0.20 (75) AND nee_mcgkgmin_mean > q0.65 (0.0006669),2,"alkaline_phosphatase_max,nee_mcgkgmin_mean","other,perfusion",2,902,0.0712761754247333,0.656319290465632,0.46895787139689576,0.1873614190687362,0.14240238478012113,0.2323204533573513,3.133712022945725e-16,60.77251245842959,7.733813747228381,7.3,3.9281456090523464e-16,18.73614190687362,14.240238478012113,23.23204533573513,18.73614190687362,True,harm | alkaline_phosphatase > ; nee_mcgkgmin >,1.0
R132-310,creatinine_max > q0.80 (1.6) AND ldh_std > q0.20 (0),2,"creatinine_max,ldh_std","organ_failure,other",2,1174,0.0927696562623469,0.641396933560477,0.4787052810902896,0.1626916524701874,0.12307839750779287,0.20230490743258195,8.298318375151302e-16,60.20368493478974,7.521890971039183,7.1,1.031952113547975e-15,16.26916524701874,12.307839750779287,20.230490743258194,16.26916524701874,True,harm | creatinine > ; ldh >,1.0
R9-165,alkaline_phosphatase_mean > q0.80 (75) AND dbp_mean <= q0.20 (54.43),2,"alkaline_phosphatase_mean,dbp_mean","other,perfusion",2,671,0.05302252074278941,0.6706408345752608,0.45901639344262296,0.21162444113263784,0.15979521056706003,0.26345367169821565,1.2152728940825358e-15,59.203971349453795,7.5794336810730245,7.2,1.5073958053205108e-15,21.162444113263785,15.979521056706004,26.345367169821564,21.162444113263785,True,harm | alkaline_phosphatase > ; dbp <=,1.0
R8-52,alkaline_phosphatase_mean > q0.65 (75) AND any_vasopressor_std > q0.65 (0.1169),2,"alkaline_phosphatase_mean,any_vasopressor_std","other,perfusion",2,830,0.06558672461477677,0.6626506024096386,0.4771084337349398,0.1855421686746988,0.1387517291340942,0.2323326082153034,7.716061713378622e-15,57.73051478507184,7.711204819277109,7.3,9.348894492917485e-15,18.55421686746988,13.87517291340942,23.23326082153034,18.55421686746988,True,harm | alkaline_phosphatase > ; any_vasopressor >,1.0
R288-479,lactate_std > q0.65 (0.3523) AND resp_rate_mean > q0.80 (21.22),2,"lactate_std,resp_rate_mean","perfusion,respiratory",2,761,0.06013433425523509,0.621550591327201,0.442838370565046,0.17871222076215504,0.12938707917481007,0.2280373623495,1.2352849423621052e-12,53.24395840317374,7.856504599211564,7.5,1.4529816803285764e-12,17.871222076215503,12.938707917481008,22.80373623495,17.871222076215503,True,harm | lactate > ; resp_rate >,1.0
R288-299,lactate_std > q0.65 (0.3523) AND ldh_mean > q0.80 (187.9),2,"lactate_std,ldh_mean","perfusion,other",2,907,0.07167127617542474,0.6141124586549063,0.45093715545755236,0.1631753031973539,0.11787185905131217,0.20847874734339564,1.6699848895936183e-12,53.07400088565988,7.794707828004411,7.4,1.961902442706702e-12,16.31753031973539,11.787185905131217,20.847874734339563,16.31753031973539,True,harm | lactate > ; ldh >,1.0
R132-408,creatinine_max > q0.80 (1.6) AND platelets_slope <= q0.35 (-0.07924),2,"creatinine_max,platelets_slope","organ_failure,organ_failure",1,771,0.06092453575661794,0.5680933852140078,0.39169909208819714,0.17639429312581062,0.12730493128271236,0.22548365496890888,1.8824224299005505e-12,48.979203612462136,7.76277561608301,7.3,2.209237169854956e-12,17.63942931258106,12.730493128271236,22.548365496890888,17.63942931258106,True,harm | creatinine > ; platelets <=,1.0
R132-603,creatinine_max > q0.80 (1.6) AND spo2_slope > q0.65 (0.001268),2,"creatinine_max,spo2_slope","organ_failure,respiratory",2,693,0.05476096404583169,0.556998556998557,0.3924963924963925,0.16450216450216454,0.11264040737163497,0.2163639216326941,5.067685404915939e-10,46.769420579035426,7.9326118326118324,7.5,5.764380338990477e-10,16.450216450216455,11.264040737163498,21.63639216326941,16.450216450216455,True,harm | creatinine > ; spo2 >,1.0
R132-225,creatinine_max > q0.80 (1.6) AND heart_rate_max <= q0.35 (87),2,"creatinine_max,heart_rate_max","organ_failure,perfusion",2,655,0.05175819834057685,0.5679389312977099,0.4015267175572519,0.166412213740458,0.11304017390860194,0.21978425357231407,9.887628157805095e-10,45.997010191586206,7.899541984732824,7.5,1.1224944864996976e-09,16.6412213740458,11.304017390860194,21.97842535723141,16.6412213740458,True,harm | creatinine > ; heart_rate <=,1.0
R9-482,alkaline_phosphatase_mean > q0.80 (75) AND resp_rate_min <= q0.20 (11),2,"alkaline_phosphatase_mean,resp_rate_min","other,respiratory",2,655,0.05175819834057685,0.601526717557252,0.45038167938931295,0.151145038167939,0.09768828380607125,0.20460179252980676,2.994538431766046e-08,41.77710099969759,7.711755725190839,7.3,3.349078847713665e-08,15.114503816793901,9.768828380607125,20.460179252980677,15.114503816793901,True,harm | alkaline_phosphatase > ; resp_rate <=,1.0
