code,label,n_conditions,features_used,axes_used,n_axes,n_pairs,prevalence,mort_t,mort_c,diff,ci_lo,ci_hi,p_perm,score,hb_mean,hb_p50,feature,feature_base,axis,op,thr,q
R507,sapsii_min <= q0.35 (34),1,sapsii_min,"severity,severity",1,4529,0.35788225997629397,0.22654007507175977,0.40715389710752925,-0.18061382203576948,-0.19941193104179622,-0.16181571302974274,4.140730764661491e-79,121.54921078528623,9.69666593066902,8.6,sapsii_min,sapsii,severity,<=,34.0,0.35
R495,sapsii_max <= q0.35 (34),1,sapsii_max,"severity,severity",1,4529,0.35788225997629397,0.22654007507175977,0.40715389710752925,-0.18061382203576948,-0.19941193104179622,-0.16181571302974274,4.140730764661491e-79,121.54921078528623,9.69666593066902,8.6,sapsii_max,sapsii,severity,<=,34.0,0.35
R499,sapsii_mean <= q0.35 (34),1,sapsii_mean,"severity,severity",1,4529,0.35788225997629397,0.22654007507175977,0.40715389710752925,-0.18061382203576948,-0.19941193104179622,-0.16181571302974274,4.140730764661491e-79,121.54921078528623,9.69666593066902,8.6,sapsii_mean,sapsii,severity,<=,34.0,0.35
R503,sapsii_median <= q0.35 (34),1,sapsii_median,"severity,severity",1,4529,0.35788225997629397,0.22654007507175977,0.40715389710752925,-0.18061382203576948,-0.19941193104179622,-0.16181571302974274,4.140730764661491e-79,121.54921078528623,9.69666593066902,8.6,sapsii_median,sapsii,severity,<=,34.0,0.35
R494,sapsii_max <= q0.20 (29),1,sapsii_max,"severity,severity",1,2643,0.20885025681548794,0.18274687854710556,0.41241013999243287,-0.2296632614453273,-0.253523365948874,-0.20580315694178064,2.179420838051266e-79,118.07014851236262,9.85754824063564,8.8,sapsii_max,sapsii,severity,<=,29.0,0.2
R498,sapsii_mean <= q0.20 (29),1,sapsii_mean,"severity,severity",1,2643,0.20885025681548794,0.18274687854710556,0.41241013999243287,-0.2296632614453273,-0.253523365948874,-0.20580315694178064,2.179420838051266e-79,118.07014851236262,9.85754824063564,8.8,sapsii_mean,sapsii,severity,<=,29.0,0.2
R502,sapsii_median <= q0.20 (29),1,sapsii_median,"severity,severity",1,2643,0.20885025681548794,0.18274687854710556,0.41241013999243287,-0.2296632614453273,-0.253523365948874,-0.20580315694178064,2.179420838051266e-79,118.07014851236262,9.85754824063564,8.8,sapsii_median,sapsii,severity,<=,29.0,0.2
R506,sapsii_min <= q0.20 (29),1,sapsii_min,"severity,severity",1,2643,0.20885025681548794,0.18274687854710556,0.41241013999243287,-0.2296632614453273,-0.253523365948874,-0.20580315694178064,2.179420838051266e-79,118.07014851236262,9.85754824063564,8.8,sapsii_min,sapsii,severity,<=,29.0,0.2
R352,mbp_median > q0.65 (89),1,mbp_median,"perfusion,perfusion",1,4381,0.34618727775582775,0.2862360191737046,0.44373430723579094,-0.15749828806208632,-0.1773878260349848,-0.13760875008918785,2.518677376996616e-54,104.24673556655844,10.38386213193335,9.4,mbp_median,mbp,perfusion,>,89.0,0.65
R171,dbp_median > q0.65 (72),1,dbp_median,"perfusion,perfusion",1,4413,0.34871592256025286,0.29118513482891456,0.43915703602991163,-0.14797190120099707,-0.16782332723301385,-0.12812047516898029,2.4330966697086106e-48,98.2983476383256,10.358259687287559,9.4,dbp_median,dbp,perfusion,>,72.0,0.65
R640,urea_min <= q0.20 (14),1,urea_min,"organ_failure,organ_failure",1,2866,0.22647175029632557,0.24389392882065597,0.4225401256106071,-0.17864619678995114,-0.2026095505896128,-0.15468284299028948,2.3636600737139782e-48,95.63830443731999,8.275610607117935,8.0,urea_min,urea,organ_failure,<=,14.0,0.2
R348,mbp_mean > q0.65 (85.7),1,mbp_mean,"perfusion,perfusion",1,4428,0.34990122481232716,0.29494128274616077,0.4369918699186992,-0.14205058717253843,-0.16189649888749458,-0.12220467545758229,1.0353917989831725e-44,94.52503336763584,10.344738030713641,9.4,mbp_mean,mbp,perfusion,>,85.7,0.65
R134,creatinine_mean <= q0.35 (0.9),1,creatinine_mean,"organ_failure,organ_failure",1,4605,0.36388779138680366,0.28859934853420194,0.4271444082519001,-0.13854505971769815,-0.15792035780190264,-0.11916976163349366,1.2587626446382616e-44,94.01688577053136,8.720065146579802,8.1,creatinine_mean,creatinine,organ_failure,<=,0.8999999999999992,0.35
R167,dbp_mean > q0.65 (70.6),1,dbp_mean,"perfusion,perfusion",1,4429,0.34998024496246544,0.29780988936554526,0.43802212689094605,-0.1402122375254008,-0.16008423471416433,-0.12034024033663726,1.696427306425762e-43,93.3122711669124,10.406141341160534,9.5,dbp_mean,dbp,perfusion,>,70.60217770034843,0.65
R632,urea_mean <= q0.20 (14.95),1,urea_mean,"organ_failure,organ_failure",1,2532,0.2000790201501383,0.22906793048973143,0.41034755134281203,-0.1812796208530806,-0.20647971568273404,-0.15607952602342717,3.8261622850182177e-45,91.21806069609461,8.319075829383888,8.0,urea_mean,urea,organ_failure,<=,14.947368421052632,0.2
R196,glucose_lab_std <= q0.35 (0),1,glucose_lab_std,"other,other",1,4864,0.3843540102726195,0.29276315789473684,0.4212582236842105,-0.12849506578947367,-0.14736526952021317,-0.10962486205873416,1.2422085939044758e-40,89.61552104318817,11.180941611842107,14.0,glucose_lab_std,glucose_lab,other,<=,0.0,0.35
R195,glucose_lab_std <= q0.20 (0),1,glucose_lab_std,"other,other",1,4864,0.3843540102726195,0.29276315789473684,0.4212582236842105,-0.12849506578947367,-0.14736526952021317,-0.10962486205873416,1.2422085939044758e-40,89.61552104318817,11.180941611842107,14.0,glucose_lab_std,glucose_lab,other,<=,0.0,0.2
R473,resp_rate_max <= q0.35 (20),1,resp_rate_max,"respiratory,respiratory",1,4782,0.3778743579612801,0.29778335424508573,0.4232538686741949,-0.12547051442910917,-0.14455168793491335,-0.10638934092330499,5.244570287486872e-38,86.76537826660211,10.363571727310749,9.4,resp_rate_max,resp_rate,respiratory,<=,20.0,0.35
R491,resp_rate_std <= q0.35 (1.78),1,resp_rate_std,"respiratory,respiratory",1,4429,0.34998024496246544,0.30503499661323097,0.4335064348611425,-0.12847143824791152,-0.1483933356463698,-0.10854954084945323,1.2776680484655482e-36,85.49868324311298,10.434183788665614,9.6,resp_rate_std,resp_rate,respiratory,<=,1.7796008774878345,0.35
R157,dbp_delta <= q0.35 (-8.606),1,dbp_delta,"perfusion,perfusion",1,4429,0.34998024496246544,0.31338902686836756,0.43757055768796566,-0.1241815308195981,-0.14418406542136977,-0.1041789962178264,4.588254279807825e-34,82.64371842480162,10.17999548430797,9.2,dbp_delta,dbp,perfusion,<=,-8.606482398271302,0.35
R477,resp_rate_mean <= q0.35 (16.03),1,resp_rate_mean,"respiratory,respiratory",1,4429,0.34998024496246544,0.3070670580266426,0.43057123504177014,-0.12350417701512756,-0.14343454684355555,-0.10357380718669956,6.0466820606913595e-34,82.19293450612088,10.003499661323097,8.9,resp_rate_mean,resp_rate,respiratory,<=,16.030257801899594,0.35
R232,heart_rate_median <= q0.20 (70),1,heart_rate_median,"perfusion,perfusion",1,4796,0.37898064006321613,0.31859883236030023,0.4372393661384487,-0.11864053377814848,-0.13790156480912877,-0.0993795027471682,1.4696367296565768e-33,82.1623172261874,10.068536280233527,9.0,heart_rate_median,heart_rate,perfusion,<=,70.0,0.2
R233,heart_rate_median <= q0.35 (70),1,heart_rate_median,"perfusion,perfusion",1,4796,0.37898064006321613,0.31859883236030023,0.4372393661384487,-0.11864053377814848,-0.13790156480912877,-0.0993795027471682,1.4696367296565768e-33,82.1623172261874,10.068536280233527,9.0,heart_rate_median,heart_rate,perfusion,<=,70.0,0.35
R168,dbp_mean > q0.80 (77.85),1,dbp_mean,"perfusion,perfusion",1,2531,0.2,0.28565784274990125,0.44843935203476887,-0.16278150928486762,-0.18895672478167927,-0.13660629378805597,3.5541726134314066e-34,81.89382261524092,10.964875543263531,11.4,dbp_mean,dbp,perfusion,>,77.8467860906217,0.8
R631,urea_max > q0.80 (36),1,urea_max,"organ_failure,organ_failure",1,2525,0.1995258790991703,0.6083168316831683,0.44673267326732674,0.16158415841584156,0.1344079595788015,0.18876035725288162,2.195482778770633e-31,81.19503472113509,7.69009900990099,7.3,urea_max,urea,organ_failure,>,36.0,0.8
R490,resp_rate_std <= q0.20 (0.9035),1,resp_rate_std,"respiratory,respiratory",1,2531,0.2,0.28921374950612405,0.4468589490320032,-0.15764519952587913,-0.18385941826819044,-0.13143098078356782,4.5597441253937355e-32,79.30979423175032,10.885776372975108,10.8,resp_rate_std,resp_rate,respiratory,<=,0.9035079029052517,0.2
R634,urea_mean > q0.80 (28.34),1,urea_mean,"organ_failure,organ_failure",1,2531,0.2,0.6048992493085736,0.44804425128407743,0.1568549980244962,0.12968680955749223,0.18402318649150018,1.093219190377746e-29,78.91225140352095,7.689095219280916,7.3,urea_mean,urea,organ_failure,>,28.341327074888003,0.8
R285,lactate_slope > q0.80 (0.002694),1,lactate_slope,"perfusion,perfusion",1,2499,0.19747135519557488,0.31052420968387356,0.4669867947178872,-0.1564625850340136,-0.18314147062963196,-0.12978369943839527,1.402138946651992e-30,78.21564469356456,8.99627851140456,8.4,lactate_slope,lactate,perfusion,>,0.0026940055874731398,0.8
R142,creatinine_min <= q0.20 (0.7),1,creatinine_min,"organ_failure,organ_failure",1,2991,0.23634926906361123,0.28284854563691075,0.42561016382480776,-0.142761618187897,-0.1667307799974828,-0.11879245637831123,1.7336307066593215e-31,78.07637988933145,8.187696422601137,7.9,creatinine_min,creatinine,organ_failure,<=,0.7,0.2
R639,urea_median > q0.80 (29),1,urea_median,"organ_failure,organ_failure",1,2504,0.19786645594626628,0.6026357827476039,0.4468849840255591,0.15575079872204478,0.12842675924691763,0.18307483819717194,5.573750270362802e-29,77.9376747802996,7.720726837060703,7.4,urea_median,urea,organ_failure,>,29.0,0.8
R356,mbp_min > q0.65 (67),1,mbp_min,"perfusion,perfusion",1,4333,0.34239431054919006,0.308562197092084,0.42649434571890144,-0.11793214862681745,-0.13808191619423166,-0.09778238105940325,1.8356167212918353e-30,77.62945829277936,10.71322409416109,10.2,mbp_min,mbp,perfusion,>,67.0,0.65
R648,urea_std > q0.80 (5.561),1,urea_std,"organ_failure,organ_failure",1,2530,0.1999209798498617,0.583794466403162,0.4316205533596838,0.15217391304347822,0.12494436764423575,0.17940345844272068,6.387572089317725e-28,76.5421168519261,7.855691699604743,7.5,urea_std,urea,organ_failure,>,5.561150960008185,0.8
R349,mbp_mean > q0.80 (91.9),1,mbp_mean,"perfusion,perfusion",1,2531,0.2,0.2884235480047412,0.4401422362702489,-0.15171868826550772,-0.17790125296976816,-0.12553612356124727,6.806014429914222e-30,76.32822302003038,10.883721849071513,11.0,mbp_mean,mbp,perfusion,>,91.90125,0.8
R357,mbp_min > q0.80 (77),1,mbp_min,"perfusion,perfusion",1,2503,0.197787435796128,0.2908509788254095,0.4410707151418298,-0.15021973631642033,-0.17658130166567793,-0.12385817096716274,5.78687578675626e-29,75.1549205674346,11.409348781462244,14.0,mbp_min,mbp,perfusion,>,77.0,0.8
R319,lymphocytes_abs_max > q0.80 (2),1,lymphocytes_abs_max,"other,other",1,677,0.05349664164361912,0.19054652880354506,0.47858197932053176,-0.2880354505169867,-0.33590221148110777,-0.2401686895528656,4.182247967595408e-32,74.94458809734857,7.722156573116691,7.5,lymphocytes_abs_max,lymphocytes_abs,other,>,2.0,0.8
R318,lymphocytes_abs_max > q0.65 (2),1,lymphocytes_abs_max,"other,other",1,677,0.05349664164361912,0.19054652880354506,0.47858197932053176,-0.2880354505169867,-0.33590221148110777,-0.2401686895528656,4.182247967595408e-32,74.94458809734857,7.722156573116691,7.5,lymphocytes_abs_max,lymphocytes_abs,other,>,2.0,0.65
R317,lymphocytes_abs_max > q0.50 (2),1,lymphocytes_abs_max,"other,other",1,677,0.05349664164361912,0.19054652880354506,0.47858197932053176,-0.2880354505169867,-0.33590221148110777,-0.2401686895528656,4.182247967595408e-32,74.94458809734857,7.722156573116691,7.5,lymphocytes_abs_max,lymphocytes_abs,other,>,2.0,0.5
R316,lymphocytes_abs_max > q0.35 (2),1,lymphocytes_abs_max,"other,other",1,677,0.05349664164361912,0.19054652880354506,0.47858197932053176,-0.2880354505169867,-0.33590221148110777,-0.2401686895528656,4.182247967595408e-32,74.94458809734857,7.722156573116691,7.5,lymphocytes_abs_max,lymphocytes_abs,other,>,2.0,0.35
R315,lymphocytes_abs_max > q0.20 (2),1,lymphocytes_abs_max,"other,other",1,677,0.05349664164361912,0.19054652880354506,0.47858197932053176,-0.2880354505169867,-0.33590221148110777,-0.2401686895528656,4.182247967595408e-32,74.94458809734857,7.722156573116691,7.5,lymphocytes_abs_max,lymphocytes_abs,other,>,2.0,0.2
R156,dbp_delta <= q0.20 (-15.53),1,dbp_delta,"perfusion,perfusion",1,2532,0.2000790201501383,0.3068720379146919,0.45537124802527645,-0.14849921011058453,-0.17493778102080856,-0.12206063920036052,3.4636921822286207e-28,74.72329155061345,10.350789889415482,9.3,dbp_delta,dbp,perfusion,<=,-15.529982668977468,0.2
R472,resp_rate_max <= q0.20 (17),1,resp_rate_max,"respiratory,respiratory",1,2870,0.2267878308968787,0.29581881533101045,0.4331010452961672,-0.13728222996515677,-0.161929221274109,-0.11263523865620453,9.551763424081564e-28,73.54535920523588,10.732857142857144,10.1,resp_rate_max,resp_rate,respiratory,<=,17.0,0.2
R174,dbp_min > q0.65 (53),1,dbp_min,"perfusion,perfusion",1,4242,0.33520347688660607,0.31541725601131543,0.42833569071192834,-0.11291843470061291,-0.13334634216493843,-0.0924905272362874,2.3701579316199776e-27,73.54449688562264,10.749292786421499,10.4,dbp_min,dbp,perfusion,>,53.0,0.65
R626,temperature_std <= q0.20 (0),1,temperature_std,"metabolic,metabolic",1,2977,0.23524298696167523,0.2955995969096406,0.4299630500503863,-0.13436345314074571,-0.15854960877183577,-0.11017729750965566,1.3069261353410545e-27,73.31124146834391,10.510513940208265,9.5,temperature_std,temperature,metabolic,<=,0.0,0.2
R535,sbp_std <= q0.20 (5.413),1,sbp_std,"perfusion,perfusion",1,2531,0.2,0.29672066376926115,0.43974713551955746,-0.1430264717502963,-0.16930724723303625,-0.11674569626755638,1.4554653935469616e-26,71.9552519095078,11.318609245357568,14.0,sbp_std,sbp,perfusion,<=,5.41309698323591,0.2
R8,alkaline_phosphatase_mean > q0.65 (75),1,alkaline_phosphatase_mean,"other,other",1,2289,0.18087712366653497,0.601135867190913,0.4521625163826999,0.14897335080821317,0.12037026017267068,0.17757644144375567,1.821022346638668e-24,71.2740574301763,7.643294014853648,7.3,alkaline_phosphatase_mean,alkaline_phosphatase,other,>,75.0,0.65
R9,alkaline_phosphatase_mean > q0.80 (75),1,alkaline_phosphatase_mean,"other,other",1,2289,0.18087712366653497,0.601135867190913,0.4521625163826999,0.14897335080821317,0.12037026017267068,0.17757644144375567,1.821022346638668e-24,71.2740574301763,7.643294014853648,7.3,alkaline_phosphatase_mean,alkaline_phosphatase,other,>,75.0,0.8
R5,alkaline_phosphatase_mean > q0.20 (75),1,alkaline_phosphatase_mean,"other,other",1,2289,0.18087712366653497,0.601135867190913,0.4521625163826999,0.14897335080821317,0.12037026017267068,0.17757644144375567,1.821022346638668e-24,71.2740574301763,7.643294014853648,7.3,alkaline_phosphatase_mean,alkaline_phosphatase,other,>,75.0,0.2
R6,alkaline_phosphatase_mean > q0.35 (75),1,alkaline_phosphatase_mean,"other,other",1,2289,0.18087712366653497,0.601135867190913,0.4521625163826999,0.14897335080821317,0.12037026017267068,0.17757644144375567,1.821022346638668e-24,71.2740574301763,7.643294014853648,7.3,alkaline_phosphatase_mean,alkaline_phosphatase,other,>,75.0,0.35
R7,alkaline_phosphatase_mean > q0.50 (75),1,alkaline_phosphatase_mean,"other,other",1,2289,0.18087712366653497,0.601135867190913,0.4521625163826999,0.14897335080821317,0.12037026017267068,0.17757644144375567,1.821022346638668e-24,71.2740574301763,7.643294014853648,7.3,alkaline_phosphatase_mean,alkaline_phosphatase,other,>,75.0,0.5
R288,lactate_std > q0.65 (0.3523),1,lactate_std,"perfusion,perfusion",1,4429,0.34998024496246544,0.34612779408444344,0.4526981259878076,-0.10657033190336418,-0.126848641072143,-0.08629202273458536,7.005552330122631e-25,70.92333653910248,8.557100925716865,8.1,lactate_std,lactate,perfusion,>,0.3522799083405622,0.65
R175,dbp_min > q0.80 (62),1,dbp_min,"perfusion,perfusion",1,2426,0.19170288423548004,0.29348722176422093,0.4373454245671888,-0.14385820280296785,-0.17065385318301476,-0.11706255242292093,6.791323907005923e-26,70.85655423334936,11.478029678483098,14.0,dbp_min,dbp,perfusion,>,62.0,0.8
R137,creatinine_median <= q0.20 (0.8),1,creatinine_median,"organ_failure,organ_failure",1,2625,0.2074278941129988,0.2834285714285714,0.4217142857142857,-0.1382857142857143,-0.16386154287444235,-0.11270988569698623,3.0603223128439735e-26,70.85034529606351,8.15272380952381,7.9,creatinine_median,creatinine,organ_failure,<=,0.8,0.2
R625,temperature_min > q0.65 (36.89),1,temperature_min,"metabolic,metabolic",1,4397,0.3474516001580403,0.3206731862633614,0.42733682055947236,-0.10666363429611098,-0.12676672323561763,-0.08656054535660433,2.494132741434594e-25,70.72852641252753,10.094496247441437,9.0,temperature_min,temperature,metabolic,>,36.89,0.65
R132,creatinine_max > q0.80 (1.6),1,creatinine_max,"organ_failure,organ_failure",1,2511,0.1984195969972343,0.5882118677817603,0.4472321784149741,0.14097968936678618,0.11361567045344736,0.168343708280125,5.64154003707454e-24,70.64475213053147,7.75252887295898,7.3,creatinine_max,creatinine,organ_failure,>,1.6,0.8
R605,spo2_std <= q0.20 (0.4889),1,spo2_std,"respiratory,respiratory",1,2531,0.2,0.31647570130383246,0.4563413670485974,-0.13986566574476494,-0.1664155155483699,-0.11331581594116001,5.411653143773582e-25,70.36508059659052,10.86309758988542,11.0,spo2_std,spo2,respiratory,<=,0.48886612598428114,0.2
R358,mbp_std <= q0.20 (4.903),1,mbp_std,"perfusion,perfusion",1,2531,0.2,0.29869616752271827,0.4385618332674832,-0.13986566574476494,-0.1661653492806215,-0.11356598220890841,1.9354010164050126e-25,70.36508059659052,11.269221651521137,14.0,mbp_std,mbp,perfusion,<=,4.902835230121732,0.2
R51,any_vasopressor_slope > q0.80 (2.509e-05),1,any_vasopressor_slope,"perfusion,perfusion",1,2498,0.19739233504543657,0.3058446757405925,0.44595676541232987,-0.14011208967173738,-0.16669162183566577,-0.113532557507809,5.0497174669887225e-25,70.02801681120785,8.848919135308247,8.3,any_vasopressor_slope,any_vasopressor,perfusion,>,2.5094610729969846e-05,0.8
R271,lactate_max > q0.65 (2.3),1,lactate_max,"perfusion,perfusion",1,4260,0.3366258395890952,0.34906103286384976,0.4563380281690141,-0.10727699530516432,-0.12798032661097045,-0.08657366399935819,3.1161800823610384e-24,70.01827393935108,8.526924882629109,8.1,lactate_max,lactate,perfusion,>,2.3,0.65
R1,alkaline_phosphatase_max > q0.35 (75),1,alkaline_phosphatase_max,"other,other",1,2352,0.18585539312524693,0.5986394557823129,0.4549319727891156,0.1437074829931973,0.11546819747129353,0.17194676851510107,1.9751998836083077e-23,69.69442535217627,7.638988095238096,7.2,alkaline_phosphatase_max,alkaline_phosphatase,other,>,75.0,0.35
R0,alkaline_phosphatase_max > q0.20 (75),1,alkaline_phosphatase_max,"other,other",1,2352,0.18585539312524693,0.5986394557823129,0.4549319727891156,0.1437074829931973,0.11546819747129353,0.17194676851510107,1.9751998836083077e-23,69.69442535217627,7.638988095238096,7.2,alkaline_phosphatase_max,alkaline_phosphatase,other,>,75.0,0.2
R2,alkaline_phosphatase_max > q0.50 (75),1,alkaline_phosphatase_max,"other,other",1,2352,0.18585539312524693,0.5986394557823129,0.4549319727891156,0.1437074829931973,0.11546819747129353,0.17194676851510107,1.9751998836083077e-23,69.69442535217627,7.638988095238096,7.2,alkaline_phosphatase_max,alkaline_phosphatase,other,>,75.0,0.5
R3,alkaline_phosphatase_max > q0.65 (75),1,alkaline_phosphatase_max,"other,other",1,2352,0.18585539312524693,0.5986394557823129,0.4549319727891156,0.1437074829931973,0.11546819747129353,0.17194676851510107,1.9751998836083077e-23,69.69442535217627,7.638988095238096,7.2,alkaline_phosphatase_max,alkaline_phosphatase,other,>,75.0,0.65
R4,alkaline_phosphatase_max > q0.80 (75),1,alkaline_phosphatase_max,"other,other",1,2352,0.18585539312524693,0.5986394557823129,0.4549319727891156,0.1437074829931973,0.11546819747129353,0.17194676851510107,1.9751998836083077e-23,69.69442535217627,7.638988095238096,7.2,alkaline_phosphatase_max,alkaline_phosphatase,other,>,75.0,0.8
R606,spo2_std <= q0.35 (0.8245),1,spo2_std,"respiratory,respiratory",1,4429,0.34998024496246544,0.3298713027771506,0.4335064348611425,-0.10363513208399189,-0.12375345654933988,-0.0835168076186439,5.7243361287321305e-24,68.96993955815265,10.368344998871077,9.5,spo2_std,spo2,respiratory,<=,0.8244873984895477,0.35
R324,lymphocytes_abs_std > q0.80 (0),1,lymphocytes_abs_std,"other,other",1,1924,0.15203476886606085,0.3134095634095634,0.4698544698544699,-0.1564449064449065,-0.18689168205768025,-0.12599813083213274,7.415665593858347e-24,68.62209326442677,7.54054054054054,7.2,lymphocytes_abs_std,lymphocytes_abs,other,>,0.0,0.8
R320,lymphocytes_abs_std > q0.20 (0),1,lymphocytes_abs_std,"other,other",1,1924,0.15203476886606085,0.3134095634095634,0.4698544698544699,-0.1564449064449065,-0.18689168205768025,-0.12599813083213274,7.415665593858347e-24,68.62209326442677,7.54054054054054,7.2,lymphocytes_abs_std,lymphocytes_abs,other,>,0.0,0.2
R321,lymphocytes_abs_std > q0.35 (0),1,lymphocytes_abs_std,"other,other",1,1924,0.15203476886606085,0.3134095634095634,0.4698544698544699,-0.1564449064449065,-0.18689168205768025,-0.12599813083213274,7.415665593858347e-24,68.62209326442677,7.54054054054054,7.2,lymphocytes_abs_std,lymphocytes_abs,other,>,0.0,0.35
R322,lymphocytes_abs_std > q0.50 (0),1,lymphocytes_abs_std,"other,other",1,1924,0.15203476886606085,0.3134095634095634,0.4698544698544699,-0.1564449064449065,-0.18689168205768025,-0.12599813083213274,7.415665593858347e-24,68.62209326442677,7.54054054054054,7.2,lymphocytes_abs_std,lymphocytes_abs,other,>,0.0,0.5
R323,lymphocytes_abs_std > q0.65 (0),1,lymphocytes_abs_std,"other,other",1,1924,0.15203476886606085,0.3134095634095634,0.4698544698544699,-0.1564449064449065,-0.18689168205768025,-0.12599813083213274,7.415665593858347e-24,68.62209326442677,7.54054054054054,7.2,lymphocytes_abs_std,lymphocytes_abs,other,>,0.0,0.65
R136,creatinine_mean > q0.80 (1.332),1,creatinine_mean,"organ_failure,organ_failure",1,2531,0.2,0.5835638087712367,0.44725404978269456,0.13630975898854214,0.10903178343948763,0.16358773453759665,1.1918654345075696e-22,68.57613786955856,7.72670881074674,7.4,creatinine_mean,creatinine,organ_failure,>,1.3319608522785251,0.8
R459,ptt_min <= q0.20 (27.1),1,ptt_min,"organ_failure,organ_failure",1,2536,0.20039510075069142,0.2945583596214511,0.4305993690851735,-0.13604100946372238,-0.16223608522692276,-0.10984593370052201,2.4600931026995615e-24,68.50850185559761,8.205402208201892,7.8,ptt_min,ptt,organ_failure,<=,27.1,0.2
R222,heart_rate_delta > q0.65 (6.48),1,heart_rate_delta,"perfusion,perfusion",1,4429,0.34998024496246544,0.3422894558591104,0.44479566493565137,-0.10250620907654096,-0.12274157071018198,-0.08227084744289993,3.120939467017757e-23,68.21863302701806,9.875231429216528,8.9,heart_rate_delta,heart_rate,perfusion,>,6.479577407559624,0.65
R180,dbp_std <= q0.20 (4.879),1,dbp_std,"perfusion,perfusion",1,2531,0.2,0.305807981035164,0.44053733702094033,-0.13472935598577634,-0.1611169483097766,-0.10834176366177609,1.4150989457958866e-23,67.78105221309988,11.211260371394705,13.6,dbp_std,dbp,perfusion,<=,4.878522559807984,0.2
R500,sapsii_mean > q0.65 (43),1,sapsii_mean,"severity,severity",1,4399,0.3476096404583169,0.5503523528074562,0.4485110252330075,0.10184132757444869,0.08105394199256974,0.12262871315632765,7.809652933020812e-22,67.54621732810284,8.91036599227097,8.1,sapsii_mean,sapsii,severity,>,43.0,0.65
R504,sapsii_median > q0.65 (43),1,sapsii_median,"severity,severity",1,4399,0.3476096404583169,0.5503523528074562,0.4485110252330075,0.10184132757444869,0.08105394199256974,0.12262871315632765,7.809652933020812e-22,67.54621732810284,8.91036599227097,8.1,sapsii_median,sapsii,severity,>,43.0,0.65
R496,sapsii_max > q0.65 (43),1,sapsii_max,"severity,severity",1,4399,0.3476096404583169,0.5503523528074562,0.4485110252330075,0.10184132757444869,0.08105394199256974,0.12262871315632765,7.809652933020812e-22,67.54621732810284,8.91036599227097,8.1,sapsii_max,sapsii,severity,>,43.0,0.65
R508,sapsii_min > q0.65 (43),1,sapsii_min,"severity,severity",1,4399,0.3476096404583169,0.5503523528074562,0.4485110252330075,0.10184132757444869,0.08105394199256974,0.12262871315632765,7.809652933020812e-22,67.54621732810284,8.91036599227097,8.1,sapsii_min,sapsii,severity,>,43.0,0.65
R497,sapsii_max > q0.80 (51),1,sapsii_max,"severity,severity",1,2355,0.1860924535756618,0.5940552016985138,0.45520169851380043,0.13885350318471334,0.11060599172868409,0.1671010146407426,5.712596596572937e-22,67.38330322965865,8.762972399150744,8.0,sapsii_max,sapsii,severity,>,51.0,0.8
R505,sapsii_median > q0.80 (51),1,sapsii_median,"severity,severity",1,2355,0.1860924535756618,0.5940552016985138,0.45520169851380043,0.13885350318471334,0.11060599172868409,0.1671010146407426,5.712596596572937e-22,67.38330322965865,8.762972399150744,8.0,sapsii_median,sapsii,severity,>,51.0,0.8
R509,sapsii_min > q0.80 (51),1,sapsii_min,"severity,severity",1,2355,0.1860924535756618,0.5940552016985138,0.45520169851380043,0.13885350318471334,0.11060599172868409,0.1671010146407426,5.712596596572937e-22,67.38330322965865,8.762972399150744,8.0,sapsii_min,sapsii,severity,>,51.0,0.8
R501,sapsii_mean > q0.80 (51),1,sapsii_mean,"severity,severity",1,2355,0.1860924535756618,0.5940552016985138,0.45520169851380043,0.13885350318471334,0.11060599172868409,0.1671010146407426,5.712596596572937e-22,67.38330322965865,8.762972399150744,8.0,sapsii_mean,sapsii,severity,>,51.0,0.8
R133,creatinine_mean <= q0.20 (0.8143),1,creatinine_mean,"organ_failure,organ_failure",1,2533,0.20015804030027656,0.2854322937228583,0.4192656928543229,-0.13383339913146464,-0.15988336603808617,-0.1077834322248431,7.526261245687514e-24,67.35690187765951,8.151164626924595,7.9,creatinine_mean,creatinine,organ_failure,<=,0.8142857142857142,0.2
R556,sodium_std <= q0.35 (0.2074),1,sodium_std,"other,other",1,4430,0.3500592651126037,0.32076749435665913,0.4216704288939052,-0.10090293453724608,-0.12091320900416958,-0.08089266007032259,4.9131803484460874e-23,67.15922255219235,11.463453724604966,14.0,sodium_std,sodium,other,<=,0.20740296276074305,0.35
R229,heart_rate_mean <= q0.35 (73.59),1,heart_rate_mean,"perfusion,perfusion",1,4429,0.34998024496246544,0.33145179498758187,0.4321517272522014,-0.10069993226461954,-0.12082587093130766,-0.08057399359793142,1.0521138864864398e-22,67.01654257720276,10.044298938812373,9.0,heart_rate_mean,heart_rate,perfusion,<=,73.58986382322713,0.35
R147,creatinine_slope <= q0.20 (-0.0001218),1,creatinine_slope,"organ_failure,organ_failure",1,2499,0.19747135519557488,0.29811924769907966,0.43177270908363347,-0.1336534613845538,-0.16008865523601126,-0.10721826753309635,3.7835941125534247e-23,66.81336400933647,8.358383353341337,8.1,creatinine_slope,creatinine,organ_failure,<=,-0.00012181290091732482,0.2
R577,sofa_min <= q0.35 (1),1,sofa_min,"severity,severity",1,4743,0.374792572105887,0.3213156230234029,0.41830065359477125,-0.09698503057136837,-0.1163165924579038,-0.07765346868483294,8.10220530236969e-23,66.79304908658494,9.642504743833015,8.6,sofa_min,sofa,severity,<=,1.0,0.35
R576,sofa_min <= q0.20 (1),1,sofa_min,"severity,severity",1,4743,0.374792572105887,0.3213156230234029,0.41830065359477125,-0.09698503057136837,-0.1163165924579038,-0.07765346868483294,8.10220530236969e-23,66.79304908658494,9.642504743833015,8.6,sofa_min,sofa,severity,<=,1.0,0.2
R275,lactate_mean > q0.65 (1.717),1,lactate_mean,"perfusion,perfusion",1,4429,0.34998024496246544,0.34996613230977647,0.44931135696545493,-0.09934522465567847,-0.11964137584706813,-0.0790490734642888,8.492256747323438e-22,66.11497473984129,8.508534657936329,8.1,lactate_mean,lactate,perfusion,>,1.7168167296569459,0.65
R555,sodium_std <= q0.20 (0),1,sodium_std,"other,other",1,4355,0.3441327538522323,0.32261768082663606,0.4206659012629162,-0.09804822043628014,-0.11824101895531008,-0.0778554219172502,1.782804018338331e-21,64.70439716610582,11.510952927669345,14.0,sodium_std,sodium,other,<=,0.0,0.2
R284,lactate_slope > q0.65 (0.0002952),1,lactate_slope,"perfusion,perfusion",1,4372,0.34547609640458316,0.3419487648673376,0.43915827996340345,-0.09720951509606585,-0.11755991979442204,-0.07685911039770965,7.787244350379491e-21,64.27600167700848,8.792863677950596,8.3,lactate_slope,lactate,perfusion,>,0.00029516687694799445,0.65
R141,creatinine_median > q0.80 (1.3),1,creatinine_median,"organ_failure,organ_failure",1,2421,0.19130778348478863,0.5790995456422966,0.4489880214787278,0.1301115241635688,0.1021949713776815,0.1580280769494561,6.538777418877523e-20,64.01962988921773,7.739446509706733,7.4,creatinine_median,creatinine,organ_failure,>,1.3,0.8
R346,mbp_mean <= q0.20 (69.92),1,mbp_mean,"perfusion,perfusion",1,2531,0.2,0.5416831291979455,0.4144606874753062,0.1272224417226393,0.09992470382575634,0.15452017961952225,6.560304123969557e-20,64.00439534492132,8.689055709205848,7.9,mbp_mean,mbp,perfusion,<=,69.92220137585991,0.2
R568,sofa_mean <= q0.35 (2.368),1,sofa_mean,"severity,severity",1,4237,0.33480837613591463,0.31272126504602316,0.4106679254189285,-0.09794666037290534,-0.11830111619531242,-0.07759220455049826,4.0381063718217304e-21,63.75567743719432,10.237030918102432,9.3,sofa_mean,sofa,severity,<=,2.3684210526315788,0.35
R155,creatinine_std > q0.80 (0.2174),1,creatinine_std,"organ_failure,organ_failure",1,2530,0.1999209798498617,0.5600790513833992,0.433596837944664,0.12648221343873517,0.09915030025544305,0.1538141266220273,1.1882989776879026e-19,63.61942179900353,7.885296442687746,7.4,creatinine_std,creatinine,organ_failure,>,0.21739889823490113,0.8
R572,sofa_median <= q0.35 (2),1,sofa_median,"severity,severity",1,4414,0.34879494271039113,0.3173991844132306,0.41277752605346624,-0.09537834164023562,-0.11536634970277744,-0.0753903335776938,8.545016717471766e-21,63.367406314712916,10.144222927050295,9.1,sofa_median,sofa,severity,<=,2.0,0.35
R268,lactate_delta <= q0.35 (-0.06413),1,lactate_delta,"perfusion,perfusion",1,4429,0.34998024496246544,0.3400316098442086,0.434183788665613,-0.09415217882140442,-0.11434459792591249,-0.07395975971689635,6.303961957139578e-20,62.658964696622355,8.671934974034771,8.1,lactate_delta,lactate,perfusion,<=,-0.06412941732544974,0.35
R350,mbp_median <= q0.20 (68),1,mbp_median,"perfusion,perfusion",1,2750,0.21730541288028446,0.528,0.4087272727272727,0.11927272727272731,0.09308608996417475,0.14545936458127987,4.36746627876324e-19,62.54714585451087,8.759454545454545,7.9,mbp_median,mbp,perfusion,<=,68.0,0.2
R407,platelets_slope <= q0.20 (-0.2575),1,platelets_slope,"organ_failure,organ_failure",1,2500,0.19755037534571315,0.322,0.4468,-0.12479999999999997,-0.15154479460093867,-0.09805520539906126,5.907847115255811e-20,62.399999999999984,8.46264,8.1,platelets_slope,platelets,organ_failure,<=,-0.25748044947085835,0.2
R359,mbp_std <= q0.35 (7.214),1,mbp_std,"perfusion,perfusion",1,4429,0.34998024496246544,0.3422894558591104,0.4353127116730639,-0.09302325581395349,-0.11323423598999124,-0.07281227563791573,1.8618409713346646e-19,61.90765816548777,10.335222397832467,9.4,mbp_std,mbp,perfusion,<=,7.213862751789131,0.35
R427,potassium_std <= q0.35 (0.04242),1,potassium_std,"other,other",1,4429,0.34998024496246544,0.3267103183562881,0.4195077895687514,-0.09279747121246329,-0.11284792505656013,-0.07274701736836645,1.1763973366199547e-19,61.75739685926084,11.449762926168436,14.0,potassium_std,potassium,other,<=,0.04241825029957641,0.35
R627,temperature_std <= q0.35 (0.1001),1,temperature_std,"metabolic,metabolic",1,4429,0.34998024496246544,0.33054865658162114,0.42244298938812375,-0.09189433280650261,-0.11198323916472754,-0.07180542644827768,3.080677648483026e-19,61.156351634353214,10.231745314969519,9.2,temperature_std,temperature,metabolic,<=,0.10011775686850695,0.35
R451,ptt_mean <= q0.20 (29.2),1,ptt_mean,"organ_failure,organ_failure",1,2531,0.2,0.305807981035164,0.4271039114974318,-0.12129593046226783,-0.14763233679821242,-0.09495952412632325,1.763638707226273e-19,61.02282413320135,8.158672461477677,7.8,ptt_mean,ptt,organ_failure,<=,29.202463113520025,0.2
R408,platelets_slope <= q0.35 (-0.07924),1,platelets_slope,"organ_failure,organ_failure",1,4372,0.34547609640458316,0.3334858188472095,0.42520585544373285,-0.09172003659652334,-0.11197003813095391,-0.07147003506209276,6.832271204323693e-19,60.646298052895084,8.376418115279048,8.1,platelets_slope,platelets,organ_failure,<=,-0.0792355760734679,0.35
R49,any_vasopressor_slope > q0.50 (0),1,any_vasopressor_slope,"perfusion,perfusion",1,3261,0.25768470960094825,0.3455995093529592,0.4510886231217418,-0.10548911376878262,-0.129113667296703,-0.08186456024086222,2.0987426629593374e-18,60.23973367841298,8.635326586936522,8.2,any_vasopressor_slope,any_vasopressor,perfusion,>,0.0,0.5
R50,any_vasopressor_slope > q0.65 (0),1,any_vasopressor_slope,"perfusion,perfusion",1,3261,0.25768470960094825,0.3455995093529592,0.4510886231217418,-0.10548911376878262,-0.129113667296703,-0.08186456024086222,2.0987426629593374e-18,60.23973367841298,8.635326586936522,8.2,any_vasopressor_slope,any_vasopressor,perfusion,>,0.0,0.65
R48,any_vasopressor_slope > q0.35 (0),1,any_vasopressor_slope,"perfusion,perfusion",1,3261,0.25768470960094825,0.3455995093529592,0.4510886231217418,-0.10548911376878262,-0.129113667296703,-0.08186456024086222,2.0987426629593374e-18,60.23973367841298,8.635326586936522,8.2,any_vasopressor_slope,any_vasopressor,perfusion,>,0.0,0.35
R47,any_vasopressor_slope > q0.20 (0),1,any_vasopressor_slope,"perfusion,perfusion",1,3261,0.25768470960094825,0.3455995093529592,0.4510886231217418,-0.10548911376878262,-0.129113667296703,-0.08186456024086222,2.0987426629593374e-18,60.23973367841298,8.635326586936522,8.2,any_vasopressor_slope,any_vasopressor,perfusion,>,0.0,0.2
R530,sbp_min > q0.80 (118),1,sbp_min,"perfusion,perfusion",1,2486,0.19644409324377715,0.3169750603378922,0.43765084473049076,-0.12067578439259857,-0.1474129341292407,-0.09393863465595644,9.047825149207562e-19,60.16870890901647,11.391190667739341,14.0,sbp_min,sbp,perfusion,>,118.0,0.8
R564,sofa_max <= q0.35 (3),1,sofa_max,"severity,severity",1,4739,0.37447649150533385,0.3215868326651192,0.408947035239502,-0.08736020257438276,-0.10666805989661092,-0.0680523452521546,7.433576551491956e-19,60.13910862807534,10.194830132939439,9.2,sofa_max,sofa,severity,<=,3.0,0.35
R646,urea_std <= q0.35 (0.6436),1,urea_std,"organ_failure,organ_failure",1,4429,0.34998024496246544,0.3276134567622488,0.4179272973583202,-0.09031384059607139,-0.11036548968599677,-0.07026219150614602,1.0660352107019078e-18,60.10452249076485,11.512237525400769,14.0,urea_std,urea,organ_failure,<=,0.6436202639577202,0.35
R426,potassium_std <= q0.20 (0),1,potassium_std,"other,other",1,4091,0.323271434215725,0.32803715472989486,0.42141285749205576,-0.0933757027621609,-0.11425513171251353,-0.07249627381180826,1.8612804878809165e-18,59.723963745841154,11.666902957712052,14.0,potassium_std,potassium,other,<=,0.0,0.2
R52,any_vasopressor_std > q0.65 (0.1169),1,any_vasopressor_std,"perfusion,perfusion",1,4428,0.34990122481232716,0.3581752484191509,0.4473803071364047,-0.08920505871725382,-0.10955038545282267,-0.06885973198168496,8.420259987944434e-18,59.359917615605944,8.603184281842816,8.1,any_vasopressor_std,any_vasopressor,perfusion,>,0.11692982872397224,0.65
R633,urea_mean > q0.65 (19.19),1,urea_mean,"organ_failure,organ_failure",1,4428,0.34990122481232716,0.5329719963866305,0.4444444444444444,0.08852755194218609,0.06778715323917811,0.10926795064519407,5.96114324932843e-17,58.909082798272244,7.873419150858175,7.5,urea_mean,urea,organ_failure,>,19.188284518828453,0.65
R483,resp_rate_min <= q0.35 (12),1,resp_rate_min,"respiratory,respiratory",1,4507,0.3561438166732517,0.34213445751053917,0.4297759041491014,-0.08764144663856221,-0.10765983675921827,-0.06762305651790616,9.407517794118677e-18,58.837378784436055,8.624406478810739,8.0,resp_rate_min,resp_rate,respiratory,<=,12.0,0.35
R277,lactate_median > q0.65 (1.6),1,lactate_median,"perfusion,perfusion",1,4182,0.33046226787830896,0.3550932568149211,0.44595887135341944,-0.09086561453849834,-0.11177805665870745,-0.06995317241828923,1.647335528867517e-17,58.76132531234245,8.50456719273075,8.1,lactate_median,lactate,perfusion,>,1.6,0.65
R45,any_vasopressor_mean > q0.65 (0.01386),1,any_vasopressor_mean,"perfusion,perfusion",1,4408,0.3483208218095614,0.35821234119782214,0.4466878402903811,-0.08847549909255897,-0.10886558627458641,-0.06808541191053154,1.820347020275465e-17,58.741335230055846,8.608824863883848,8.1,any_vasopressor_mean,any_vasopressor,perfusion,>,0.01386481802426343,0.65
R630,urea_max > q0.65 (23),1,urea_max,"organ_failure,organ_failure",1,4412,0.3486369024101146,0.5349048050770625,0.4471894832275612,0.08771532184950132,0.06693386625832523,0.1084967774406774,1.3078544749048943e-16,58.26304965907379,7.899682683590209,7.5,urea_max,urea,organ_failure,>,23.0,0.65
R377,phosphorus_mean > q0.80 (3.884),1,phosphorus_mean,"other,other",1,2531,0.2,0.5491900434610826,0.43342552350849467,0.11576451995258791,0.08840561469159117,0.14312342521358465,1.1005260098676547e-16,58.2400243355961,7.9841564598972745,7.5,phosphorus_mean,phosphorus,other,>,3.8841694537346703,0.8
R128,creatinine_delta <= q0.35 (-0.06416),1,creatinine_delta,"organ_failure,organ_failure",1,4429,0.34998024496246544,0.3434183788665613,0.4301196658387898,-0.08670128697222851,-0.10690488416074714,-0.06649768978370987,4.061753244180213e-17,57.70034159113423,9.39451343418379,8.3,creatinine_delta,creatinine,organ_failure,<=,-0.0641629522474301,0.35
R153,creatinine_std <= q0.35 (0.03626),1,creatinine_std,"organ_failure,organ_failure",1,4430,0.3500592651126037,0.3358916478555305,0.4223476297968397,-0.08645598194130921,-0.10658073577108254,-0.06633122811153588,3.7595814791395094e-17,57.5435844239142,11.492009029345372,14.0,creatinine_std,creatinine,organ_failure,<=,0.036263073915335675,0.35
R131,creatinine_max > q0.65 (1.1),1,creatinine_max,"organ_failure,organ_failure",1,4092,0.3233504543658633,0.5263929618768328,0.4371945259042033,0.0891984359726295,0.06763349682658695,0.11076337511867204,5.184582546189619e-16,57.059117702615914,7.950537634408602,7.6,creatinine_max,creatinine,organ_failure,>,1.1,0.65
R482,resp_rate_min <= q0.20 (11),1,resp_rate_min,"respiratory,respiratory",1,3337,0.26369024101145794,0.3416242133652982,0.4399160922984717,-0.09829187893317348,-0.12158512040396306,-0.0749986374623839,1.3314261700251449e-16,56.780046046195565,8.524632903805815,8.0,resp_rate_min,resp_rate,respiratory,<=,11.0,0.2
R225,heart_rate_max <= q0.35 (87),1,heart_rate_max,"perfusion,perfusion",1,4650,0.36744369814302646,0.33376344086021503,0.41698924731182796,-0.08322580645161293,-0.10283580667288043,-0.06361580623034542,8.9206446158039e-17,56.75243351326373,10.133333333333333,9.0,heart_rate_max,heart_rate,perfusion,<=,87.0,0.35
R123,ck_total_std > q0.35 (0),1,ck_total_std,"other,other",1,2451,0.1936783879889372,0.5487556099551204,0.4349245206038352,0.11383108935128522,0.08602251408908307,0.14163966461348737,1.0317111598467286e-15,56.355012136462705,8.206487148102815,7.8,ck_total_std,ck_total,other,>,0.0,0.35
R124,ck_total_std > q0.50 (0),1,ck_total_std,"other,other",1,2451,0.1936783879889372,0.5487556099551204,0.4349245206038352,0.11383108935128522,0.08602251408908307,0.14163966461348737,1.0317111598467286e-15,56.355012136462705,8.206487148102815,7.8,ck_total_std,ck_total,other,>,0.0,0.5
R125,ck_total_std > q0.65 (0),1,ck_total_std,"other,other",1,2451,0.1936783879889372,0.5487556099551204,0.4349245206038352,0.11383108935128522,0.08602251408908307,0.14163966461348737,1.0317111598467286e-15,56.355012136462705,8.206487148102815,7.8,ck_total_std,ck_total,other,>,0.0,0.65
R126,ck_total_std > q0.80 (0),1,ck_total_std,"other,other",1,2451,0.1936783879889372,0.5487556099551204,0.4349245206038352,0.11383108935128522,0.08602251408908307,0.14163966461348737,1.0317111598467286e-15,56.355012136462705,8.206487148102815,7.8,ck_total_std,ck_total,other,>,0.0,0.8
R122,ck_total_std > q0.20 (0),1,ck_total_std,"other,other",1,2451,0.1936783879889372,0.5487556099551204,0.4349245206038352,0.11383108935128522,0.08602251408908307,0.14163966461348737,1.0317111598467286e-15,56.355012136462705,8.206487148102815,7.8,ck_total_std,ck_total,other,>,0.0,0.2
R223,heart_rate_delta > q0.80 (12.4),1,heart_rate_delta,"perfusion,perfusion",1,2531,0.2,0.33820624259186094,0.45001975503753455,-0.11181351244567361,-0.13856020736764257,-0.08506681752370465,2.5330888142718316e-16,56.25231019444945,10.275108652706441,9.5,heart_rate_delta,heart_rate,perfusion,>,12.401534640229,0.8
R529,sbp_min > q0.65 (102),1,sbp_min,"perfusion,perfusion",1,4354,0.344053733702094,0.3410656867248507,0.42604501607717044,-0.08497932935231972,-0.10532741263327877,-0.06463124607136067,2.7114773980723813e-16,56.07348023830722,10.653399173174092,10.1,sbp_min,sbp,perfusion,>,102.0,0.65
R260,hemoglobin_slope <= q0.20 (-0.01479),1,hemoglobin_slope,"anemia,anemia",1,2499,0.19747135519557488,0.34893957583033214,0.460984393757503,-0.11204481792717086,-0.1390856834460031,-0.0850039524083386,4.610952378675709e-16,56.01120336112039,7.922248899559823,7.7,hemoglobin_slope,hemoglobin,anemia,<=,-0.014788121838887348,0.2
R135,creatinine_mean > q0.65 (0.9718),1,creatinine_mean,"organ_failure,organ_failure",1,4428,0.34990122481232716,0.5160343270099368,0.43247515808491416,0.08355916892502263,0.06283222567101664,0.10428611217902863,2.7535047721801317e-15,55.60296080449169,7.982723577235772,7.6,creatinine_mean,creatinine,organ_failure,>,0.9717647058823528,0.65
R181,dbp_std <= q0.35 (6.971),1,dbp_std,"perfusion,perfusion",1,4429,0.34998024496246544,0.35109505531722734,0.43440957326710317,-0.08331451794987582,-0.10358083280118388,-0.06304820309856776,7.785101063914546e-16,55.44642199773055,10.269677128019868,9.3,dbp_std,dbp,perfusion,<=,6.971139636178715,0.35
R536,sbp_std <= q0.35 (8.594),1,sbp_std,"perfusion,perfusion",1,4430,0.3500592651126037,0.3437923250564334,0.42686230248307,-0.08306997742663658,-0.10326380429838741,-0.06287615055488574,7.461578163422546e-16,55.28991923759906,10.487020316027088,9.6,sbp_std,sbp,perfusion,<=,8.59418407994614,0.35
R151,creatinine_slope > q0.80 (0.0004122),1,creatinine_slope,"organ_failure,organ_failure",1,2498,0.19739233504543657,0.5204163330664532,0.4103282626100881,0.1100880704563651,0.0825939242388868,0.1375822166738434,4.229009148536697e-15,55.022013208806165,8.23062449959968,7.7,creatinine_slope,creatinine,organ_failure,>,0.00041219344036245444,0.8
R454,ptt_median <= q0.20 (29.6),1,ptt_median,"organ_failure,organ_failure",1,2532,0.2000790201501383,0.31635071090047395,0.424565560821485,-0.10821484992101105,-0.13464976847420912,-0.08177993136781297,1.0275698966147358e-15,54.45261139592575,8.140521327014218,7.8,ptt_median,ptt,organ_failure,<=,29.6,0.2
R10,alkaline_phosphatase_median > q0.20 (75),1,alkaline_phosphatase_median,"other,other",1,1893,0.149585144211774,0.595879556259905,0.4712097200211305,0.12466983623877448,0.0931365555347828,0.15620311694276617,9.258463788666805e-15,54.24212509881115,7.598468040147913,7.2,alkaline_phosphatase_median,alkaline_phosphatase,other,>,75.0,0.2
R11,alkaline_phosphatase_median > q0.35 (75),1,alkaline_phosphatase_median,"other,other",1,1893,0.149585144211774,0.595879556259905,0.4712097200211305,0.12466983623877448,0.0931365555347828,0.15620311694276617,9.258463788666805e-15,54.24212509881115,7.598468040147913,7.2,alkaline_phosphatase_median,alkaline_phosphatase,other,>,75.0,0.35
R13,alkaline_phosphatase_median > q0.65 (75),1,alkaline_phosphatase_median,"other,other",1,1893,0.149585144211774,0.595879556259905,0.4712097200211305,0.12466983623877448,0.0931365555347828,0.15620311694276617,9.258463788666805e-15,54.24212509881115,7.598468040147913,7.2,alkaline_phosphatase_median,alkaline_phosphatase,other,>,75.0,0.65
R12,alkaline_phosphatase_median > q0.50 (75),1,alkaline_phosphatase_median,"other,other",1,1893,0.149585144211774,0.595879556259905,0.4712097200211305,0.12466983623877448,0.0931365555347828,0.15620311694276617,9.258463788666805e-15,54.24212509881115,7.598468040147913,7.2,alkaline_phosphatase_median,alkaline_phosphatase,other,>,75.0,0.5
R14,alkaline_phosphatase_median > q0.80 (75),1,alkaline_phosphatase_median,"other,other",1,1893,0.149585144211774,0.595879556259905,0.4712097200211305,0.12466983623877448,0.0931365555347828,0.15620311694276617,9.258463788666805e-15,54.24212509881115,7.598468040147913,7.2,alkaline_phosphatase_median,alkaline_phosphatase,other,>,75.0,0.8
R479,resp_rate_mean > q0.80 (21.22),1,resp_rate_mean,"respiratory,respiratory",1,2531,0.2,0.5432635322007112,0.43619122876333466,0.10707230343737656,0.07968820806468863,0.1344563988100645,1.8074293816568195e-14,53.86705322507353,8.405333860134334,7.5,resp_rate_mean,resp_rate,respiratory,>,21.2196305533246,0.8
R314,ldh_std > q0.80 (5.731),1,ldh_std,"other,other",1,2531,0.2,0.549585144211774,0.44251284077439745,0.1070723034373765,0.07968322472745915,0.13446138214729386,1.8271672231090945e-14,53.867053225073505,7.699209798498617,7.3,ldh_std,ldh,other,>,5.730630164778128,0.8
R311,ldh_std > q0.35 (0),1,ldh_std,"other,other",1,2803,0.22149348083761358,0.5408490902604353,0.43917231537638246,0.1016767748840528,0.07564011083244127,0.12771343893566434,1.947144778085e-14,53.83110703111635,7.712665001783803,7.3,ldh_std,ldh,other,>,0.0,0.35
R312,ldh_std > q0.50 (0),1,ldh_std,"other,other",1,2803,0.22149348083761358,0.5408490902604353,0.43917231537638246,0.1016767748840528,0.07564011083244127,0.12771343893566434,1.947144778085e-14,53.83110703111635,7.712665001783803,7.3,ldh_std,ldh,other,>,0.0,0.5
R313,ldh_std > q0.65 (0),1,ldh_std,"other,other",1,2803,0.22149348083761358,0.5408490902604353,0.43917231537638246,0.1016767748840528,0.07564011083244127,0.12771343893566434,1.947144778085e-14,53.83110703111635,7.712665001783803,7.3,ldh_std,ldh,other,>,0.0,0.65
R310,ldh_std > q0.20 (0),1,ldh_std,"other,other",1,2803,0.22149348083761358,0.5408490902604353,0.43917231537638246,0.1016767748840528,0.07564011083244127,0.12771343893566434,1.947144778085e-14,53.83110703111635,7.712665001783803,7.3,ldh_std,ldh,other,>,0.0,0.2
R295,ldh_mean > q0.20 (180),1,ldh_mean,"other,other",1,2709,0.2140655867246148,0.5496493170911776,0.4466592838685862,0.10299003322259137,0.07650393357405141,0.12947613287113133,2.5099001148279526e-14,53.60430884649386,7.639719453672942,7.3,ldh_mean,ldh,other,>,180.0,0.2
R298,ldh_mean > q0.65 (180),1,ldh_mean,"other,other",1,2709,0.2140655867246148,0.5496493170911776,0.4466592838685862,0.10299003322259137,0.07650393357405141,0.12947613287113133,2.5099001148279526e-14,53.60430884649386,7.639719453672942,7.3,ldh_mean,ldh,other,>,180.0,0.65
R297,ldh_mean > q0.50 (180),1,ldh_mean,"other,other",1,2709,0.2140655867246148,0.5496493170911776,0.4466592838685862,0.10299003322259137,0.07650393357405141,0.12947613287113133,2.5099001148279526e-14,53.60430884649386,7.639719453672942,7.3,ldh_mean,ldh,other,>,180.0,0.5
R296,ldh_mean > q0.35 (180),1,ldh_mean,"other,other",1,2709,0.2140655867246148,0.5496493170911776,0.4466592838685862,0.10299003322259137,0.07650393357405141,0.12947613287113133,2.5099001148279526e-14,53.60430884649386,7.639719453672942,7.3,ldh_mean,ldh,other,>,180.0,0.35
R267,lactate_delta <= q0.20 (-0.3867),1,lactate_delta,"perfusion,perfusion",1,2531,0.2,0.3255630185697353,0.43145001975503755,-0.10588700118530225,-0.13244999321428014,-0.07932400915632437,5.581147559695172e-15,53.27073898272953,8.620071118135124,8.1,lactate_delta,lactate,perfusion,<=,-0.3867203853339044,0.2
R100,bilirubin_total_slope > q0.65 (0),1,bilirubin_total_slope,"organ_failure,organ_failure",1,1913,0.1511655472145397,0.553058024046001,0.4317825405122844,0.12127548353371664,0.08982585860510574,0.15272510846232756,4.0894583622878435e-14,53.043295693067805,8.071197072660743,7.7,bilirubin_total_slope,bilirubin_total,organ_failure,>,0.0,0.65
R101,bilirubin_total_slope > q0.80 (0),1,bilirubin_total_slope,"organ_failure,organ_failure",1,1913,0.1511655472145397,0.553058024046001,0.4317825405122844,0.12127548353371664,0.08982585860510574,0.15272510846232756,4.0894583622878435e-14,53.043295693067805,8.071197072660743,7.7,bilirubin_total_slope,bilirubin_total,organ_failure,>,0.0,0.8
R99,bilirubin_total_slope > q0.50 (0),1,bilirubin_total_slope,"organ_failure,organ_failure",1,1913,0.1511655472145397,0.553058024046001,0.4317825405122844,0.12127548353371664,0.08982585860510574,0.15272510846232756,4.0894583622878435e-14,53.043295693067805,8.071197072660743,7.7,bilirubin_total_slope,bilirubin_total,organ_failure,>,0.0,0.5
R98,bilirubin_total_slope > q0.35 (0),1,bilirubin_total_slope,"organ_failure,organ_failure",1,1913,0.1511655472145397,0.553058024046001,0.4317825405122844,0.12127548353371664,0.08982585860510574,0.15272510846232756,4.0894583622878435e-14,53.043295693067805,8.071197072660743,7.7,bilirubin_total_slope,bilirubin_total,organ_failure,>,0.0,0.35
R97,bilirubin_total_slope > q0.20 (0),1,bilirubin_total_slope,"organ_failure,organ_failure",1,1913,0.1511655472145397,0.553058024046001,0.4317825405122844,0.12127548353371664,0.08982585860510574,0.15272510846232756,4.0894583622878435e-14,53.043295693067805,8.071197072660743,7.7,bilirubin_total_slope,bilirubin_total,organ_failure,>,0.0,0.2
R478,resp_rate_mean > q0.65 (18.76),1,resp_rate_mean,"respiratory,respiratory",1,4429,0.34998024496246544,0.5077895687514111,0.4283133890268684,0.07947617972454274,0.05875959161798038,0.10019276783110509,5.5089173998919746e-14,52.891979791873005,8.611131180853466,7.7,resp_rate_mean,resp_rate,respiratory,>,18.755710349731146,0.65
R293,ldh_max > q0.65 (180),1,ldh_max,"other,other",1,2743,0.21675227182931647,0.5493984688297484,0.44841414509660954,0.10098432373313887,0.07465732696981722,0.12731132049646052,5.557346514127845e-14,52.88918384138619,7.6350710900473935,7.2,ldh_max,ldh,other,>,180.0,0.65
R292,ldh_max > q0.50 (180),1,ldh_max,"other,other",1,2743,0.21675227182931647,0.5493984688297484,0.44841414509660954,0.10098432373313887,0.07465732696981722,0.12731132049646052,5.557346514127845e-14,52.88918384138619,7.6350710900473935,7.2,ldh_max,ldh,other,>,180.0,0.5
R290,ldh_max > q0.20 (180),1,ldh_max,"other,other",1,2743,0.21675227182931647,0.5493984688297484,0.44841414509660954,0.10098432373313887,0.07465732696981722,0.12731132049646052,5.557346514127845e-14,52.88918384138619,7.6350710900473935,7.2,ldh_max,ldh,other,>,180.0,0.2
R291,ldh_max > q0.35 (180),1,ldh_max,"other,other",1,2743,0.21675227182931647,0.5493984688297484,0.44841414509660954,0.10098432373313887,0.07465732696981722,0.12731132049646052,5.557346514127845e-14,52.88918384138619,7.6350710900473935,7.2,ldh_max,ldh,other,>,180.0,0.35
R209,glucose_vital_median > q0.65 (136),1,glucose_vital_median,"other,other",1,4415,0.3488739628605294,0.3791619479048698,0.4579841449603624,-0.0788221970554926,-0.09933611461163233,-0.058308279499352855,5.033076172564054e-14,52.37377642991901,8.422989807474519,7.9,glucose_vital_median,glucose_vital,other,>,136.0,0.65
R481,resp_rate_median > q0.80 (21),1,resp_rate_median,"respiratory,respiratory",1,2440,0.19280916633741604,0.5409836065573771,0.43565573770491806,0.10532786885245904,0.07743431752147512,0.13322142018344296,1.3507336393140055e-13,52.02812921399537,8.508360655737706,7.6,resp_rate_median,resp_rate,respiratory,>,21.0,0.8
R77,ast_std > q0.65 (0),1,ast_std,"other,other",1,3825,0.30225207427894113,0.5186928104575164,0.4350326797385621,0.08366013071895428,0.06135363106484886,0.1059666303730597,1.9681012659085804e-13,51.74093334108439,7.918431372549019,7.5,ast_std,ast,other,>,0.0,0.65
R76,ast_std > q0.50 (0),1,ast_std,"other,other",1,3825,0.30225207427894113,0.5186928104575164,0.4350326797385621,0.08366013071895428,0.06135363106484886,0.1059666303730597,1.9681012659085804e-13,51.74093334108439,7.918431372549019,7.5,ast_std,ast,other,>,0.0,0.5
R75,ast_std > q0.35 (0),1,ast_std,"other,other",1,3825,0.30225207427894113,0.5186928104575164,0.4350326797385621,0.08366013071895428,0.06135363106484886,0.1059666303730597,1.9681012659085804e-13,51.74093334108439,7.918431372549019,7.5,ast_std,ast,other,>,0.0,0.35
R74,ast_std > q0.20 (0),1,ast_std,"other,other",1,3825,0.30225207427894113,0.5186928104575164,0.4350326797385621,0.08366013071895428,0.06135363106484886,0.1059666303730597,1.9681012659085804e-13,51.74093334108439,7.918431372549019,7.5,ast_std,ast,other,>,0.0,0.2
R82,bilirubin_total_delta > q0.80 (0.2456),1,bilirubin_total_delta,"organ_failure,organ_failure",1,2531,0.2,0.5460292374555512,0.4433030422757803,0.10272619517977088,0.07532519820533413,0.13012719215420765,2.0114964767180942e-13,51.68056766981225,9.488423548004741,8.5,bilirubin_total_delta,bilirubin_total,organ_failure,>,0.24556133178026798,0.8
R480,resp_rate_median > q0.65 (18.5),1,resp_rate_median,"respiratory,respiratory",1,4400,0.34768866060845516,0.5065909090909091,0.4288636363636364,0.0777272727272727,0.05694051363208322,0.09851403182246218,2.319348896079705e-13,51.55843992279756,8.662113636363637,7.8,resp_rate_median,resp_rate,respiratory,>,18.5,0.65
R299,ldh_mean > q0.80 (187.9),1,ldh_mean,"other,other",1,2531,0.2,0.5547214539707626,0.4523903595416831,0.10233109442907945,0.07492810005258163,0.12973408880557727,2.4938924564182535e-13,51.48179625569759,7.615013828526274,7.2,ldh_mean,ldh,other,>,187.8865792759052,0.8
R78,ast_std > q0.80 (4.195),1,ast_std,"other,other",1,2531,0.2,0.5385223231924141,0.43698143026471753,0.10154089292769658,0.07414327716911,0.12893850868628315,3.754156257341296e-13,51.084253427468255,7.953812722244172,7.6,ast_std,ast,other,>,4.194814886107808,0.8
R244,heart_rate_std <= q0.20 (2.774),1,heart_rate_std,"perfusion,perfusion",1,2531,0.2,0.3330699328328724,0.4346108257605689,-0.10154089292769652,-0.12818905807872258,-0.07489272777667047,8.115277804504926e-14,51.08425342746823,10.970248913472934,11.6,heart_rate_std,heart_rate,perfusion,<=,2.774370598318338,0.2
R17,alkaline_phosphatase_std > q0.50 (0),1,alkaline_phosphatase_std,"other,other",1,3800,0.300276570525484,0.5171052631578947,0.435,0.08210526315789474,0.05972431951245349,0.10448620680333598,6.463606677956529e-13,50.61308339279791,7.909184210526315,7.5,alkaline_phosphatase_std,alkaline_phosphatase,other,>,0.0,0.5
R15,alkaline_phosphatase_std > q0.20 (0),1,alkaline_phosphatase_std,"other,other",1,3800,0.300276570525484,0.5171052631578947,0.435,0.08210526315789474,0.05972431951245349,0.10448620680333598,6.463606677956529e-13,50.61308339279791,7.909184210526315,7.5,alkaline_phosphatase_std,alkaline_phosphatase,other,>,0.0,0.2
R18,alkaline_phosphatase_std > q0.65 (0),1,alkaline_phosphatase_std,"other,other",1,3800,0.300276570525484,0.5171052631578947,0.435,0.08210526315789474,0.05972431951245349,0.10448620680333598,6.463606677956529e-13,50.61308339279791,7.909184210526315,7.5,alkaline_phosphatase_std,alkaline_phosphatase,other,>,0.0,0.65
R16,alkaline_phosphatase_std > q0.35 (0),1,alkaline_phosphatase_std,"other,other",1,3800,0.300276570525484,0.5171052631578947,0.435,0.08210526315789474,0.05972431951245349,0.10448620680333598,6.463606677956529e-13,50.61308339279791,7.909184210526315,7.5,alkaline_phosphatase_std,alkaline_phosphatase,other,>,0.0,0.35
R470,resp_rate_delta > q0.65 (1.981),1,resp_rate_delta,"respiratory,respiratory",1,4429,0.34998024496246544,0.3558365319485211,0.4312485888462407,-0.07541205689771957,-0.09569901005141548,-0.05512510374402365,3.196561996862945e-13,50.18727627978862,9.474576653872205,8.5,resp_rate_delta,resp_rate,respiratory,>,1.9811091854419416,0.65
R89,bilirubin_total_mean <= q0.35 (0.7),1,bilirubin_total_mean,"organ_failure,organ_failure",1,4935,0.38996444093243776,0.3762917933130699,0.4474164133738602,-0.07112462006079029,-0.09049352355144981,-0.05175571657013077,6.140616503325356e-13,49.964729201044804,8.484924012158054,7.9,bilirubin_total_mean,bilirubin_total,organ_failure,<=,0.6999999999999996,0.35
R152,creatinine_std <= q0.20 (0),1,creatinine_std,"organ_failure,organ_failure",1,3926,0.31023310944290794,0.3390219052470708,0.41874681609780945,-0.07972491085073863,-0.10111262085808229,-0.05833720084339497,2.7500015761654213e-13,49.9538758218831,11.878986245542535,14.0,creatinine_std,creatinine,organ_failure,<=,0.0,0.2
R37,alt_std > q0.50 (0),1,alt_std,"other,other",1,3815,0.30146187277755826,0.5155963302752293,0.43591087811271295,0.07968545216251638,0.0573447887304403,0.10202611559459246,2.7294175799647882e-12,49.21826638292431,7.927968545216252,7.6,alt_std,alt,other,>,0.0,0.5
R36,alt_std > q0.35 (0),1,alt_std,"other,other",1,3815,0.30146187277755826,0.5155963302752293,0.43591087811271295,0.07968545216251638,0.0573447887304403,0.10202611559459246,2.7294175799647882e-12,49.21826638292431,7.927968545216252,7.6,alt_std,alt,other,>,0.0,0.35
R35,alt_std > q0.20 (0),1,alt_std,"other,other",1,3815,0.30146187277755826,0.5155963302752293,0.43591087811271295,0.07968545216251638,0.0573447887304403,0.10202611559459246,2.7294175799647882e-12,49.21826638292431,7.927968545216252,7.6,alt_std,alt,other,>,0.0,0.2
R38,alt_std > q0.65 (0),1,alt_std,"other,other",1,3815,0.30146187277755826,0.5155963302752293,0.43591087811271295,0.07968545216251638,0.0573447887304403,0.10202611559459246,2.7294175799647882e-12,49.21826638292431,7.927968545216252,7.6,alt_std,alt,other,>,0.0,0.65
R571,sofa_median <= q0.20 (1),1,sofa_median,"severity,severity",1,2852,0.22536546819438957,0.31065918653576435,0.40252454417952316,-0.0918653576437588,-0.11661216832784568,-0.06711854695967193,3.4403797455025367e-13,49.05988555089058,10.662692847124825,10.1,sofa_median,sofa,severity,<=,1.0,0.2
R242,heart_rate_slope > q0.65 (0.01311),1,heart_rate_slope,"perfusion,perfusion",1,4372,0.34547609640458316,0.3469807868252516,0.4210887465690759,-0.07410795974382434,-0.09443762952313121,-0.05377828996451746,9.012132155786633e-13,49.00099892553119,9.857479414455625,8.9,heart_rate_slope,heart_rate,perfusion,>,0.013105549764567289,0.65
R372,phosphorus_max > q0.80 (4.4),1,phosphorus_max,"other,other",1,2506,0.19802449624654286,0.5403032721468476,0.44253790901835593,0.09776536312849166,0.07021670245326182,0.1253140238037215,3.5082538978977612e-12,48.94130562876359,7.989345570630488,7.5,phosphorus_max,phosphorus,other,>,4.4,0.8
R40,any_vasopressor_delta <= q0.20 (-0.02084),1,any_vasopressor_delta,"perfusion,perfusion",1,2532,0.2000790201501383,0.3274091627172196,0.42417061611374407,-0.09676145339652448,-0.12330747591022036,-0.0702154308828286,9.046309517645418e-13,48.689378802926306,8.768601895734596,8.2,any_vasopressor_delta,any_vasopressor,perfusion,<=,-0.020836286321757616,0.2
R560,sofa_delta <= q0.35 (0.2152),1,sofa_delta,"severity,severity",1,4233,0.33449229553536153,0.36569808646350105,0.44011339475549255,-0.0744153082919915,-0.09525143053493691,-0.05357918604904609,2.55861821379758e-12,48.415722768515316,8.428443184502717,7.8,sofa_delta,sofa,severity,<=,0.2152443541878898,0.35
R19,alkaline_phosphatase_std > q0.80 (5.997),1,alkaline_phosphatase_std,"other,other",1,2531,0.2,0.5389174239431055,0.4429079415250889,0.0960094824180166,0.06859300290218859,0.12342596193384461,6.709784037349349e-12,48.301453629862976,7.902173054128803,7.5,alkaline_phosphatase_std,alkaline_phosphatase,other,>,5.996990936186169,0.8
R63,ast_mean > q0.80 (31.28),1,ast_mean,"other,other",1,2531,0.2,0.5440537337020941,0.44843935203476887,0.09561438166732522,0.06819306294983589,0.12303570038481455,8.243430568907635e-12,48.10268221574833,7.923113393915449,7.6,ast_mean,ast,other,>,31.28459343320436,0.8
R566,sofa_max > q0.80 (8),1,sofa_max,"severity,severity",1,1796,0.14192018964836034,0.5801781737193764,0.4671492204899777,0.11302895322939871,0.08057238323449434,0.14548552322430308,8.753633214977843e-12,47.900811585575404,7.923775055679288,7.5,sofa_max,sofa,severity,>,8.0,0.8
R563,sofa_max <= q0.20 (2),1,sofa_max,"severity,severity",1,3373,0.2665349664164362,0.32018974206937445,0.402312481470501,-0.08212273940112658,-0.10496505332406349,-0.059280425478189666,1.8334699509825563e-12,47.694862211890346,10.605751556477912,9.9,sofa_max,sofa,severity,<=,2.0,0.2
R294,ldh_max > q0.80 (205),1,ldh_max,"other,other",1,2524,0.199446858949032,0.5475435816164818,0.4532488114104596,0.09429477020602217,0.06683120845382333,0.12175833195822101,1.7017422142739887e-11,47.37315200515295,7.612202852614896,7.2,ldh_max,ldh,other,>,205.0,0.8
R559,sofa_delta <= q0.20 (-0.3991),1,sofa_delta,"severity,severity",1,2419,0.19114974318451206,0.35675899131872674,0.4518396031417941,-0.09508061182306737,-0.12260840081335322,-0.06755282283278152,1.2894845622579607e-11,46.76381156332907,8.126911947085572,7.7,sofa_delta,sofa,severity,<=,-0.39906347990810537,0.2
R205,glucose_vital_mean > q0.65 (136.3),1,glucose_vital_mean,"other,other",1,4429,0.34998024496246544,0.3829306841273425,0.453149695190788,-0.07021901106344552,-0.09071036683818148,-0.049727655288709566,1.8619922749973034e-11,46.73126623656968,8.370422217204787,7.9,glucose_vital_mean,glucose_vital,other,>,136.30757898946808,0.65
R476,resp_rate_mean <= q0.20 (15.75),1,resp_rate_mean,"respiratory,respiratory",1,2538,0.200553141050968,0.32545311268715527,0.4180457052797478,-0.09259259259259256,-0.1190602105063486,-0.06612497467883652,7.045141100874561e-12,46.64682117707405,9.513081166272656,8.6,resp_rate_mean,resp_rate,respiratory,<=,15.75,0.2
R39,alt_std > q0.80 (3.104),1,alt_std,"other,other",1,2530,0.1999209798498617,0.525296442687747,0.433201581027668,0.09209486166007902,0.06468204338993738,0.11950767993022066,4.557214924918293e-11,46.32289149739944,7.967233201581027,7.6,alt_std,alt,other,>,3.103646907616194,0.8
R647,urea_std > q0.65 (2.813),1,urea_std,"organ_failure,organ_failure",1,4429,0.34998024496246544,0.5039512305260782,0.43440957326710317,0.06954165725897499,0.04880661476702898,0.090276699750921,4.914851962199004e-11,46.28048231788894,7.978324678256943,7.6,urea_std,urea,organ_failure,>,2.8128964383481083,0.65
R583,sofa_std <= q0.35 (0),1,sofa_std,"severity,severity",1,4523,0.35740813907546426,0.35043112978111873,0.41874861817377845,-0.06831748839265972,-0.08831913949228606,-0.048315837293033376,2.1631975218611302e-11,45.9457331134588,10.550939641830642,9.8,sofa_std,sofa,severity,<=,0.0,0.35
R582,sofa_std <= q0.20 (0),1,sofa_std,"severity,severity",1,4523,0.35740813907546426,0.35043112978111873,0.41874861817377845,-0.06831748839265972,-0.08831913949228606,-0.048315837293033376,2.1631975218611302e-11,45.9457331134588,10.550939641830642,9.8,sofa_std,sofa,severity,<=,0.0,0.2
R567,sofa_mean <= q0.20 (1.231),1,sofa_mean,"severity,severity",1,2429,0.1919399446858949,0.30671058048579664,0.39934129271305063,-0.092630712227254,-0.11938263344853119,-0.06587879100597681,1.147591550638326e-11,45.65294103464983,11.011650885137918,11.4,sofa_mean,sofa,severity,<=,1.2307692307692308,0.2
R638,urea_median > q0.65 (18),1,urea_median,"organ_failure,organ_failure",1,4280,0.33820624259186094,0.5200934579439253,0.45070093457943927,0.06939252336448598,0.048268101407351216,0.09051694532162075,1.2066917841605803e-10,45.39777465829392,7.902616822429906,7.6,urea_median,urea,organ_failure,>,18.0,0.65
R364,nee_mcgkgmin_mean > q0.65 (0.0006669),1,nee_mcgkgmin_mean,"perfusion,perfusion",1,4429,0.34998024496246544,0.37186723865432375,0.43982840370286747,-0.06796116504854371,-0.08836474505927891,-0.04755758503780852,6.645092761690578e-11,45.22865317430054,8.595506886430346,8.1,nee_mcgkgmin_mean,nee_mcgkgmin,perfusion,>,0.0006669014084507051,0.65
R201,glucose_vital_max > q0.65 (177),1,glucose_vital_max,"other,other",1,4405,0.3480837613591466,0.38342792281498295,0.4510783200908059,-0.06765039727582295,-0.08819575469571093,-0.04710503985593496,1.0910951235301166e-10,44.89968640001313,8.358138479001134,7.9,glucose_vital_max,glucose_vital,other,>,177.0,0.65
R382,phosphorus_median > q0.80 (3.8),1,phosphorus_median,"other,other",1,2447,0.19336230738838403,0.5263588067020842,0.4360441356763384,0.09031467102574586,0.062431900721461334,0.11819744133003039,2.172730658554496e-10,44.676103564086524,7.952881078872089,7.5,phosphorus_median,phosphorus,other,>,3.8,0.8
R405,platelets_min <= q0.35 (130),1,platelets_min,"organ_failure,organ_failure",1,4450,0.3516396681153694,0.37910112359550563,0.4458426966292135,-0.06674157303370787,-0.08714966595206927,-0.04633348011534646,1.4563157458810684e-10,44.52218232635418,8.035932584269663,7.8,platelets_min,platelets,organ_failure,<=,130.0,0.35
R245,heart_rate_std <= q0.35 (4.967),1,heart_rate_std,"perfusion,perfusion",1,4429,0.34998024496246544,0.3540302551365997,0.4206367125762023,-0.06660645743960258,-0.086848556998698,-0.046364357880507155,1.1232092507561805e-10,44.32708533693903,10.197358320162564,9.1,heart_rate_std,heart_rate,perfusion,<=,4.966732703952332,0.35
R139,creatinine_median > q0.50 (0.9),1,creatinine_median,"organ_failure,organ_failure",1,3980,0.31450019755037534,0.5155778894472361,0.44547738693467337,0.07010050251256278,0.04820279736422979,0.09199820766089577,3.507767237131169e-10,44.22447309013981,7.947236180904523,7.6,creatinine_median,creatinine,organ_failure,>,0.9,0.5
R138,creatinine_median > q0.35 (0.9),1,creatinine_median,"organ_failure,organ_failure",1,3980,0.31450019755037534,0.5155778894472361,0.44547738693467337,0.07010050251256278,0.04820279736422979,0.09199820766089577,3.507767237131169e-10,44.22447309013981,7.947236180904523,7.6,creatinine_median,creatinine,organ_failure,>,0.9,0.35
R140,creatinine_median > q0.65 (0.9),1,creatinine_median,"organ_failure,organ_failure",1,3980,0.31450019755037534,0.5155778894472361,0.44547738693467337,0.07010050251256278,0.04820279736422979,0.09199820766089577,3.507767237131169e-10,44.22447309013981,7.947236180904523,7.6,creatinine_median,creatinine,organ_failure,>,0.9,0.65
R587,spo2_delta <= q0.35 (-1.339),1,spo2_delta,"respiratory,respiratory",1,4429,0.34998024496246544,0.3524497629261684,0.4186046511627907,-0.0661548882366223,-0.08638004257773578,-0.04592973389550882,1.4456273570320643e-10,44.02656272448525,9.39837435086927,8.5,spo2_delta,spo2,respiratory,<=,-1.338754539649594,0.35
R58,ast_max > q0.80 (39),1,ast_max,"other,other",1,2499,0.19747135519557488,0.531812725090036,0.44377751100440177,0.0880352140856342,0.060427018581516334,0.11564340958975206,4.106623719356975e-10,44.008802640880276,7.9478191276510595,7.6,ast_max,ast,other,>,39.0,0.8
R165,dbp_mean <= q0.20 (54.43),1,dbp_mean,"perfusion,perfusion",1,2531,0.2,0.5148162781509285,0.42749901224812326,0.0873172659028052,0.05992022092770015,0.11471431087791024,4.191446041234358e-10,43.928482519340385,8.564757013038326,7.8,dbp_mean,dbp,perfusion,<=,54.42794487616705,0.2
R169,dbp_median <= q0.20 (52),1,dbp_median,"perfusion,perfusion",1,2684,0.21209008297115764,0.4977645305514158,0.41318926974664677,0.08457526080476901,0.058026160344354455,0.11112436126518357,4.2704154659444844e-10,43.816189020363886,8.61859165424739,7.9,dbp_median,dbp,perfusion,<=,52.0,0.2
R103,bilirubin_total_std > q0.35 (0),1,bilirubin_total_std,"organ_failure,organ_failure",1,3731,0.2948241801659423,0.5108549986598767,0.439292414902171,0.07156258375770569,0.048959358761841223,0.09416580875357015,5.454856514347115e-10,43.71179459059924,7.880032162958992,7.5,bilirubin_total_std,bilirubin_total,organ_failure,>,0.0,0.35
R104,bilirubin_total_std > q0.50 (0),1,bilirubin_total_std,"organ_failure,organ_failure",1,3731,0.2948241801659423,0.5108549986598767,0.439292414902171,0.07156258375770569,0.048959358761841223,0.09416580875357015,5.454856514347115e-10,43.71179459059924,7.880032162958992,7.5,bilirubin_total_std,bilirubin_total,organ_failure,>,0.0,0.5
R105,bilirubin_total_std > q0.65 (0),1,bilirubin_total_std,"organ_failure,organ_failure",1,3731,0.2948241801659423,0.5108549986598767,0.439292414902171,0.07156258375770569,0.048959358761841223,0.09416580875357015,5.454856514347115e-10,43.71179459059924,7.880032162958992,7.5,bilirubin_total_std,bilirubin_total,organ_failure,>,0.0,0.65
R102,bilirubin_total_std > q0.20 (0),1,bilirubin_total_std,"organ_failure,organ_failure",1,3731,0.2948241801659423,0.5108549986598767,0.439292414902171,0.07156258375770569,0.048959358761841223,0.09416580875357015,5.454856514347115e-10,43.71179459059924,7.880032162958992,7.5,bilirubin_total_std,bilirubin_total,organ_failure,>,0.0,0.2
R106,bilirubin_total_std > q0.80 (0.09823),1,bilirubin_total_std,"organ_failure,organ_failure",1,2531,0.2,0.5341762149348084,0.447649150533386,0.08652706440142238,0.059086639180497495,0.11396748962234726,6.393581257867944e-10,43.53093969111108,7.888542078229949,7.5,bilirubin_total_std,bilirubin_total,organ_failure,>,0.0982342726793809,0.8
R83,bilirubin_total_max > q0.20 (0.7),1,bilirubin_total_max,"organ_failure,organ_failure",1,2285,0.18056104306598184,0.5356673960612691,0.4446389496717724,0.0910284463894967,0.06216114305527377,0.11989574972371964,6.387945511212619e-10,43.5131208361516,8.018205689277899,7.6,bilirubin_total_max,bilirubin_total,organ_failure,>,0.7,0.2
R84,bilirubin_total_max > q0.35 (0.7),1,bilirubin_total_max,"organ_failure,organ_failure",1,2285,0.18056104306598184,0.5356673960612691,0.4446389496717724,0.0910284463894967,0.06216114305527377,0.11989574972371964,6.387945511212619e-10,43.5131208361516,8.018205689277899,7.6,bilirubin_total_max,bilirubin_total,organ_failure,>,0.7,0.35
R85,bilirubin_total_max > q0.50 (0.7),1,bilirubin_total_max,"organ_failure,organ_failure",1,2285,0.18056104306598184,0.5356673960612691,0.4446389496717724,0.0910284463894967,0.06216114305527377,0.11989574972371964,6.387945511212619e-10,43.5131208361516,8.018205689277899,7.6,bilirubin_total_max,bilirubin_total,organ_failure,>,0.7,0.5
R86,bilirubin_total_max > q0.65 (0.7),1,bilirubin_total_max,"organ_failure,organ_failure",1,2285,0.18056104306598184,0.5356673960612691,0.4446389496717724,0.0910284463894967,0.06216114305527377,0.11989574972371964,6.387945511212619e-10,43.5131208361516,8.018205689277899,7.6,bilirubin_total_max,bilirubin_total,organ_failure,>,0.7,0.65
R87,bilirubin_total_max > q0.80 (0.7),1,bilirubin_total_max,"organ_failure,organ_failure",1,2285,0.18056104306598184,0.5356673960612691,0.4446389496717724,0.0910284463894967,0.06216114305527377,0.11989574972371964,6.387945511212619e-10,43.5131208361516,8.018205689277899,7.6,bilirubin_total_max,bilirubin_total,organ_failure,>,0.7,0.8
R366,nee_mcgkgmin_std > q0.65 (0.005599),1,nee_mcgkgmin_std,"perfusion,perfusion",1,4429,0.34998024496246544,0.375931361481147,0.44118311131180854,-0.06525174983066157,-0.08568052689189894,-0.044822972769424194,3.8385701578681585e-10,43.42551749957759,8.580176111989163,8.1,nee_mcgkgmin_std,nee_mcgkgmin,perfusion,>,0.005598626311013828,0.65
R437,pt_mean > q0.80 (15.35),1,pt_mean,"organ_failure,organ_failure",1,2531,0.2,0.5294350059265113,0.44369814302647176,0.08573686290003951,0.05829996947932212,0.11317375632075691,9.082322571532294e-10,43.13339686288175,7.999012248123272,7.6,pt_mean,pt,organ_failure,>,15.347246468147718,0.8
R570,sofa_mean > q0.80 (6.339),1,sofa_mean,"severity,severity",1,2419,0.19114974318451206,0.5403059115336916,0.45266639107069034,0.08763952046300122,0.05956980219224265,0.1157092387337598,9.385224201548236e-10,43.10403500619897,8.122902025630426,7.6,sofa_mean,sofa,severity,>,6.338641397981787,0.8
R130,creatinine_delta > q0.80 (0.3823),1,creatinine_delta,"organ_failure,organ_failure",1,2530,0.1999209798498617,0.5221343873517786,0.4367588932806324,0.08537549407114625,0.057945715661821426,0.11280527248047108,1.0572258714027239e-09,42.94310971432739,9.605375494071145,8.4,creatinine_delta,creatinine,organ_failure,>,0.38232235701907624,0.8
R351,mbp_median <= q0.35 (73),1,mbp_median,"perfusion,perfusion",1,4613,0.3645199525879099,0.48471710383698247,0.42163451116410144,0.06308259267288102,0.04280749093959325,0.0833576944061688,1.072610055336962e-09,42.845109951788416,8.66431823108606,7.9,mbp_median,mbp,perfusion,<=,73.0,0.35
R347,mbp_mean <= q0.35 (74.71),1,mbp_mean,"perfusion,perfusion",1,4429,0.34998024496246544,0.4852111086023933,0.421539850982163,0.06367125762023029,0.04297928315549984,0.08436323208496074,1.628328724836528e-09,42.373688355989195,8.58322420410928,7.9,mbp_mean,mbp,perfusion,<=,74.71388329979878,0.35
R603,spo2_slope > q0.65 (0.001268),1,spo2_slope,"respiratory,respiratory",1,4371,0.3453970762544449,0.3498055364905056,0.41340654312514297,-0.06360100663463736,-0.08392403163167564,-0.04327798163759907,8.578838819158139e-10,42.04887613769145,9.570464424616793,8.6,spo2_slope,spo2,respiratory,>,0.0012684989429175475,0.65
R61,ast_mean > q0.50 (20),1,ast_mean,"other,other",1,3604,0.2847886210983801,0.5205327413984462,0.4508879023307436,0.06964483906770258,0.046624348783130314,0.09266532935227484,3.0354619424239487e-09,41.81011194196131,7.9114317425083245,7.5,ast_mean,ast,other,>,20.0,0.5
R60,ast_mean > q0.35 (20),1,ast_mean,"other,other",1,3604,0.2847886210983801,0.5205327413984462,0.4508879023307436,0.06964483906770258,0.046624348783130314,0.09266532935227484,3.0354619424239487e-09,41.81011194196131,7.9114317425083245,7.5,ast_mean,ast,other,>,20.0,0.35
R59,ast_mean > q0.20 (20),1,ast_mean,"other,other",1,3604,0.2847886210983801,0.5205327413984462,0.4508879023307436,0.06964483906770258,0.046624348783130314,0.09266532935227484,3.0354619424239487e-09,41.81011194196131,7.9114317425083245,7.5,ast_mean,ast,other,>,20.0,0.2
R62,ast_mean > q0.65 (20),1,ast_mean,"other,other",1,3604,0.2847886210983801,0.5205327413984462,0.4508879023307436,0.06964483906770258,0.046624348783130314,0.09266532935227484,3.0354619424239487e-09,41.81011194196131,7.9114317425083245,7.5,ast_mean,ast,other,>,20.0,0.65
R55,ast_max > q0.35 (20),1,ast_max,"other,other",1,3630,0.2868431450019755,0.5201101928374655,0.4509641873278237,0.06914600550964184,0.04620753702316134,0.09208447399612234,3.457642893358032e-09,41.660109676908064,7.90809917355372,7.5,ast_max,ast,other,>,20.0,0.35
R54,ast_max > q0.20 (20),1,ast_max,"other,other",1,3630,0.2868431450019755,0.5201101928374655,0.4509641873278237,0.06914600550964184,0.04620753702316134,0.09208447399612234,3.457642893358032e-09,41.660109676908064,7.90809917355372,7.5,ast_max,ast,other,>,20.0,0.2
R57,ast_max > q0.65 (20),1,ast_max,"other,other",1,3630,0.2868431450019755,0.5201101928374655,0.4509641873278237,0.06914600550964184,0.04620753702316134,0.09208447399612234,3.457642893358032e-09,41.660109676908064,7.90809917355372,7.5,ast_max,ast,other,>,20.0,0.65
R56,ast_max > q0.50 (20),1,ast_max,"other,other",1,3630,0.2868431450019755,0.5201101928374655,0.4509641873278237,0.06914600550964184,0.04620753702316134,0.09208447399612234,3.457642893358032e-09,41.660109676908064,7.90809917355372,7.5,ast_max,ast,other,>,20.0,0.5
R575,sofa_median > q0.80 (7),1,sofa_median,"severity,severity",1,1733,0.13694192018964835,0.5579919215233698,0.45816503173687245,0.0998268897864974,0.06670541143183131,0.13294836814116348,3.4762031149383684e-09,41.55725199416348,8.071148297749566,7.6,sofa_median,sofa,severity,>,7.0,0.8
R261,hemoglobin_slope <= q0.35 (-0.006063),1,hemoglobin_slope,"anemia,anemia",1,4372,0.34547609640458316,0.36619396157365053,0.42840805123513265,-0.06221408966148212,-0.08268616029042845,-0.041742019032535785,2.5787215925382556e-09,41.13664107328542,8.06299176578225,7.9,hemoglobin_slope,hemoglobin,anemia,<=,-0.006062701558223954,0.35
R645,urea_std <= q0.20 (0),1,urea_std,"organ_failure,organ_failure",1,3608,0.2851047016989332,0.3464523281596452,0.4146341463414634,-0.06818181818181818,-0.09053153820255727,-0.04583209816107908,2.2405649762677113e-09,40.95452023003965,12.185643015521066,14.0,urea_std,urea,organ_failure,<=,0.0,0.2
R228,heart_rate_mean <= q0.20 (70),1,heart_rate_mean,"perfusion,perfusion",1,2590,0.20466218885815882,0.3478764478764479,0.4277992277992278,-0.07992277992277991,-0.10637207030270285,-0.05347348954285696,3.168850500134328e-09,40.67433520540371,10.52023166023166,9.6,heart_rate_mean,heart_rate,perfusion,<=,70.0,0.2
R374,phosphorus_mean > q0.35 (3.5),1,phosphorus_mean,"other,other",1,3931,0.3106282101935994,0.49631137115237856,0.4314423810735182,0.06486899007886038,0.042868483354348855,0.0868694968033719,7.509941123364926e-09,40.671356591721164,8.14398371915543,7.7,phosphorus_mean,phosphorus,other,>,3.5,0.35
R375,phosphorus_mean > q0.50 (3.5),1,phosphorus_mean,"other,other",1,3931,0.3106282101935994,0.49631137115237856,0.4314423810735182,0.06486899007886038,0.042868483354348855,0.0868694968033719,7.509941123364926e-09,40.671356591721164,8.14398371915543,7.7,phosphorus_mean,phosphorus,other,>,3.5,0.5
R376,phosphorus_mean > q0.65 (3.5),1,phosphorus_mean,"other,other",1,3931,0.3106282101935994,0.49631137115237856,0.4314423810735182,0.06486899007886038,0.042868483354348855,0.0868694968033719,7.509941123364926e-09,40.671356591721164,8.14398371915543,7.7,phosphorus_mean,phosphorus,other,>,3.5,0.65
R278,lactate_median > q0.80 (2.3),1,lactate_median,"perfusion,perfusion",1,2460,0.19438956934018176,0.3723577235772358,0.4540650406504065,-0.0817073170731707,-0.10913130427681317,-0.05428332986952822,5.23122649816657e-09,40.52551138691195,8.655975609756098,8.2,lactate_median,lactate,perfusion,>,2.3,0.8
R93,bilirubin_total_median > q0.35 (0.7),1,bilirubin_total_median,"organ_failure,organ_failure",1,1760,0.13907546424338207,0.5511363636363636,0.4551136363636364,0.09602272727272726,0.06314023596168009,0.12890521858377443,1.0432155040036033e-08,40.28379439562627,7.9110795454545455,7.6,bilirubin_total_median,bilirubin_total,organ_failure,>,0.7,0.35
R95,bilirubin_total_median > q0.65 (0.7),1,bilirubin_total_median,"organ_failure,organ_failure",1,1760,0.13907546424338207,0.5511363636363636,0.4551136363636364,0.09602272727272726,0.06314023596168009,0.12890521858377443,1.0432155040036033e-08,40.28379439562627,7.9110795454545455,7.6,bilirubin_total_median,bilirubin_total,organ_failure,>,0.7,0.65
R92,bilirubin_total_median > q0.20 (0.7),1,bilirubin_total_median,"organ_failure,organ_failure",1,1760,0.13907546424338207,0.5511363636363636,0.4551136363636364,0.09602272727272726,0.06314023596168009,0.12890521858377443,1.0432155040036033e-08,40.28379439562627,7.9110795454545455,7.6,bilirubin_total_median,bilirubin_total,organ_failure,>,0.7,0.2
R96,bilirubin_total_median > q0.80 (0.7),1,bilirubin_total_median,"organ_failure,organ_failure",1,1760,0.13907546424338207,0.5511363636363636,0.4551136363636364,0.09602272727272726,0.06314023596168009,0.12890521858377443,1.0432155040036033e-08,40.28379439562627,7.9110795454545455,7.6,bilirubin_total_median,bilirubin_total,organ_failure,>,0.7,0.8
R94,bilirubin_total_median > q0.50 (0.7),1,bilirubin_total_median,"organ_failure,organ_failure",1,1760,0.13907546424338207,0.5511363636363636,0.4551136363636364,0.09602272727272726,0.06314023596168009,0.12890521858377443,1.0432155040036033e-08,40.28379439562627,7.9110795454545455,7.6,bilirubin_total_median,bilirubin_total,organ_failure,>,0.7,0.5
R224,heart_rate_max <= q0.20 (77),1,heart_rate_max,"perfusion,perfusion",1,2550,0.20150138285262742,0.3537254901960784,0.4329411764705882,-0.07921568627450981,-0.10594107992534668,-0.05249029262367294,6.263770301245354e-09,40.001960736257644,10.870627450980392,10.8,heart_rate_max,heart_rate,perfusion,<=,77.0,0.2
R379,phosphorus_median > q0.35 (3.5),1,phosphorus_median,"other,other",1,2997,0.23682338996444094,0.5091758425091758,0.4367701034367701,0.07240573907240572,0.04719314444086664,0.09761833370394479,1.8152625210177213e-08,39.63842249473613,7.951251251251252,7.5,phosphorus_median,phosphorus,other,>,3.5,0.35
R381,phosphorus_median > q0.65 (3.5),1,phosphorus_median,"other,other",1,2997,0.23682338996444094,0.5091758425091758,0.4367701034367701,0.07240573907240572,0.04719314444086664,0.09761833370394479,1.8152625210177213e-08,39.63842249473613,7.951251251251252,7.5,phosphorus_median,phosphorus,other,>,3.5,0.65
R380,phosphorus_median > q0.50 (3.5),1,phosphorus_median,"other,other",1,2997,0.23682338996444094,0.5091758425091758,0.4367701034367701,0.07240573907240572,0.04719314444086664,0.09761833370394479,1.8152625210177213e-08,39.63842249473613,7.951251251251252,7.5,phosphorus_median,phosphorus,other,>,3.5,0.5
R68,ast_median > q0.80 (26),1,ast_median,"other,other",1,2510,0.19834057684709602,0.5350597609561752,0.45617529880478086,0.07888446215139439,0.05130841906814,0.10646050523464877,2.0609349528734782e-08,39.52103681076204,7.833426294820717,7.5,ast_median,ast,other,>,26.0,0.8
R303,ldh_median > q0.65 (180),1,ldh_median,"other,other",1,2077,0.16412485183721848,0.5445353875782378,0.4597977852672123,0.0847376023110255,0.0544368175643918,0.1150383870576592,4.223686910905078e-08,38.61841271562115,7.573615792007703,7.2,ldh_median,ldh,other,>,180.0,0.65
R301,ldh_median > q0.35 (180),1,ldh_median,"other,other",1,2077,0.16412485183721848,0.5445353875782378,0.4597977852672123,0.0847376023110255,0.0544368175643918,0.1150383870576592,4.223686910905078e-08,38.61841271562115,7.573615792007703,7.2,ldh_median,ldh,other,>,180.0,0.35
R304,ldh_median > q0.80 (180),1,ldh_median,"other,other",1,2077,0.16412485183721848,0.5445353875782378,0.4597977852672123,0.0847376023110255,0.0544368175643918,0.1150383870576592,4.223686910905078e-08,38.61841271562115,7.573615792007703,7.2,ldh_median,ldh,other,>,180.0,0.8
R300,ldh_median > q0.20 (180),1,ldh_median,"other,other",1,2077,0.16412485183721848,0.5445353875782378,0.4597977852672123,0.0847376023110255,0.0544368175643918,0.1150383870576592,4.223686910905078e-08,38.61841271562115,7.573615792007703,7.2,ldh_median,ldh,other,>,180.0,0.2
R302,ldh_median > q0.50 (180),1,ldh_median,"other,other",1,2077,0.16412485183721848,0.5445353875782378,0.4597977852672123,0.0847376023110255,0.0544368175643918,0.1150383870576592,4.223686910905078e-08,38.61841271562115,7.573615792007703,7.2,ldh_median,ldh,other,>,180.0,0.5
R150,creatinine_slope > q0.65 (4.689e-05),1,creatinine_slope,"organ_failure,organ_failure",1,4372,0.34547609640458316,0.48421774931381517,0.42612076852698993,0.058096980786825236,0.03725648108425124,0.07893748048939923,4.65826808318138e-08,38.414363355200365,8.140279048490392,7.8,creatinine_slope,creatinine,organ_failure,>,4.6893833993991136e-05,0.65
R177,dbp_slope <= q0.35 (-0.02934),1,dbp_slope,"perfusion,perfusion",1,4372,0.34547609640458316,0.3561299176578225,0.4133119853613907,-0.05718206770356821,-0.07754258415239693,-0.03682155125473949,3.69970895286587e-08,37.809412751181505,9.948421774931381,9.0,dbp_slope,dbp,perfusion,<=,-0.02934490667001736,0.35
R400,platelets_median <= q0.35 (177),1,platelets_median,"organ_failure,organ_failure",1,4438,0.35069142631371,0.3792248760703019,0.4357818837314105,-0.056557007661108605,-0.07696806826276995,-0.03614594705944726,5.60504467053673e-08,37.677325970586416,8.088463271744029,7.8,platelets_median,platelets,organ_failure,<=,177.0,0.35
R218,glucose_vital_std > q0.65 (26.48),1,glucose_vital_std,"other,other",1,4429,0.34998024496246544,0.38993000677353806,0.44615037254459244,-0.05622036577105438,-0.07673044326745244,-0.03571028827465632,7.762039420426058e-08,37.41506525050108,8.45953939941296,7.9,glucose_vital_std,glucose_vital,other,>,26.484415477299997,0.65
R518,sbp_mean <= q0.20 (105.3),1,sbp_mean,"perfusion,perfusion",1,2531,0.2,0.49743184512050576,0.4231529039905176,0.07427894112998817,0.046893980529534834,0.10166390173044151,1.0589725615590028e-07,37.36902585355655,8.777637297510864,8.0,sbp_mean,sbp,perfusion,<=,105.29909878682842,0.2
R91,bilirubin_total_mean > q0.80 (0.7),1,bilirubin_total_mean,"organ_failure,organ_failure",1,2411,0.19051758198340576,0.5134798838656159,0.4375777685607632,0.07590211530485275,0.04779190805938794,0.10401232255031756,1.2077587255551876e-07,37.269407160281,8.079261717129821,7.7,bilirubin_total_mean,bilirubin_total,organ_failure,>,0.7000000000000018,0.8
R66,ast_median > q0.50 (20),1,ast_median,"other,other",1,2861,0.22607664954563414,0.52883607130374,0.45962950017476406,0.06920657112897594,0.043359545251967446,0.09505359700598442,1.5376938288731258e-07,37.017429791298646,7.807619713386927,7.5,ast_median,ast,other,>,20.0,0.5
R64,ast_median > q0.20 (20),1,ast_median,"other,other",1,2861,0.22607664954563414,0.52883607130374,0.45962950017476406,0.06920657112897594,0.043359545251967446,0.09505359700598442,1.5376938288731258e-07,37.017429791298646,7.807619713386927,7.5,ast_median,ast,other,>,20.0,0.2
R67,ast_median > q0.65 (20),1,ast_median,"other,other",1,2861,0.22607664954563414,0.52883607130374,0.45962950017476406,0.06920657112897594,0.043359545251967446,0.09505359700598442,1.5376938288731258e-07,37.017429791298646,7.807619713386927,7.5,ast_median,ast,other,>,20.0,0.65
R65,ast_median > q0.35 (20),1,ast_median,"other,other",1,2861,0.22607664954563414,0.52883607130374,0.45962950017476406,0.06920657112897594,0.043359545251967446,0.09505359700598442,1.5376938288731258e-07,37.017429791298646,7.807619713386927,7.5,ast_median,ast,other,>,20.0,0.35
R593,spo2_mean > q0.65 (98.42),1,spo2_mean,"respiratory,respiratory",1,4427,0.3498222046621889,0.34989835102778405,0.40546645583916874,-0.05556810481138469,-0.07573185732170938,-0.035404352301059996,6.61046500294905e-08,36.97263012500008,9.208786988931557,8.3,spo2_mean,spo2,respiratory,>,98.41666666666667,0.65
R289,lactate_std > q0.80 (0.7059),1,lactate_std,"perfusion,perfusion",1,2531,0.2,0.3840379296720664,0.45713156854998027,-0.07309363887791387,-0.10021760988688977,-0.04596966786893797,1.279171422029132e-07,36.77271161121255,8.57826945871197,8.1,lactate_std,lactate,perfusion,>,0.7059379055452756,0.8
R439,pt_median > q0.80 (15.5),1,pt_median,"organ_failure,organ_failure",1,2475,0.19557487159225603,0.5191919191919192,0.44565656565656564,0.07353535353535356,0.04576981296199968,0.10130089410870745,2.0923352069924485e-07,36.58337647543534,8.052646464646465,7.7,pt_median,pt,organ_failure,>,15.5,0.8
R387,platelets_delta <= q0.35 (-60.36),1,platelets_delta,"organ_failure,organ_failure",1,4429,0.34998024496246544,0.38067283811244074,0.4355384962745541,-0.05486565816211336,-0.07530416006286995,-0.03442715626135677,1.4290343948360046e-07,36.51349741313964,10.182163016482276,9.2,platelets_delta,platelets,organ_failure,<=,-60.355388864818025,0.35
R154,creatinine_std > q0.65 (0.1172),1,creatinine_std,"organ_failure,organ_failure",1,4429,0.34998024496246544,0.4800180627681192,0.42537818920749604,0.054639873560623164,0.03393937017266725,0.07534037694857908,2.2974330480776337e-07,36.363236106912716,7.9862045608489485,7.6,creatinine_std,creatinine,organ_failure,>,0.11718716963264936,0.65
R591,spo2_mean <= q0.20 (96.51),1,spo2_mean,"respiratory,respiratory",1,2532,0.2000790201501383,0.495260663507109,0.42338072669826227,0.07187993680884674,0.044499855389986936,0.09926001822770655,2.667849487356096e-07,36.169252825030966,8.826145339652449,8.0,spo2_mean,spo2,respiratory,<=,96.51126516464471,0.2
R80,bilirubin_total_delta <= q0.35 (-6.994e-15),1,bilirubin_total_delta,"organ_failure,organ_failure",1,4451,0.35171868826550773,0.3662098404852842,0.4201303077960009,-0.0539204673107167,-0.07418345345273626,-0.03365748116869714,1.8319950057981437e-07,35.97347933488226,9.189350707706135,8.2,bilirubin_total_delta,bilirubin_total,organ_failure,<=,-6.994405055138486e-15,0.35
R413,platelets_std > q0.65 (38.22),1,platelets_std,"organ_failure,organ_failure",1,4428,0.34990122481232716,0.36720867208672087,0.42073170731707316,-0.05352303523035229,-0.07384630596819307,-0.03319976449251151,2.445550113679724e-07,35.61595056936356,8.102529358626919,7.8,platelets_std,platelets,organ_failure,>,38.219675626528094,0.65
R511,sbp_delta <= q0.35 (-3.14),1,sbp_delta,"perfusion,perfusion",1,4429,0.34998024496246544,0.3820275457213818,0.4353127116730639,-0.05328516595168209,-0.07372986951098554,-0.032840462392378644,3.249654218200428e-07,35.46166826955124,9.651072476857077,8.6,sbp_delta,sbp,perfusion,<=,-3.139647588485494,0.35
R618,temperature_median <= q0.20 (36.67),1,temperature_median,"metabolic,metabolic",1,2919,0.23065981825365467,0.4803014731072285,0.41521068859198357,0.06509078451524491,0.03963373458541193,0.0905478344450779,5.400813416683196e-07,35.16709976369466,8.966666666666667,8.2,temperature_median,temperature,metabolic,<=,36.67,0.2
R23,alt_max > q0.65 (25),1,alt_max,"other,other",1,2456,0.1940734887396286,0.5297231270358306,0.4588762214983713,0.07084690553745926,0.04295322284733204,0.09874058822758648,6.418303192081922e-07,35.11034258379987,7.984894136807818,7.6,alt_max,alt,other,>,25.0,0.65
R20,alt_max > q0.20 (25),1,alt_max,"other,other",1,2456,0.1940734887396286,0.5297231270358306,0.4588762214983713,0.07084690553745926,0.04295322284733204,0.09874058822758648,6.418303192081922e-07,35.11034258379987,7.984894136807818,7.6,alt_max,alt,other,>,25.0,0.2
R21,alt_max > q0.35 (25),1,alt_max,"other,other",1,2456,0.1940734887396286,0.5297231270358306,0.4588762214983713,0.07084690553745926,0.04295322284733204,0.09874058822758648,6.418303192081922e-07,35.11034258379987,7.984894136807818,7.6,alt_max,alt,other,>,25.0,0.35
R24,alt_max > q0.80 (25),1,alt_max,"other,other",1,2456,0.1940734887396286,0.5297231270358306,0.4588762214983713,0.07084690553745926,0.04295322284733204,0.09874058822758648,6.418303192081922e-07,35.11034258379987,7.984894136807818,7.6,alt_max,alt,other,>,25.0,0.8
R22,alt_max > q0.50 (25),1,alt_max,"other,other",1,2456,0.1940734887396286,0.5297231270358306,0.4588762214983713,0.07084690553745926,0.04295322284733204,0.09874058822758648,6.418303192081922e-07,35.11034258379987,7.984894136807818,7.6,alt_max,alt,other,>,25.0,0.5
R29,alt_mean > q0.80 (25),1,alt_mean,"other,other",1,2418,0.19107072303437375,0.5289495450785774,0.45781637717121587,0.07113316790736152,0.04302237092831432,0.09924396488640871,7.060355744796618e-07,34.97842889562965,7.992597187758477,7.6,alt_mean,alt,other,>,25.0,0.8
R26,alt_mean > q0.35 (25),1,alt_mean,"other,other",1,2418,0.19107072303437375,0.5289495450785774,0.45781637717121587,0.07113316790736152,0.04302237092831432,0.09924396488640871,7.060355744796618e-07,34.97842889562965,7.992597187758477,7.6,alt_mean,alt,other,>,25.0,0.35
R28,alt_mean > q0.65 (25),1,alt_mean,"other,other",1,2418,0.19107072303437375,0.5289495450785774,0.45781637717121587,0.07113316790736152,0.04302237092831432,0.09924396488640871,7.060355744796618e-07,34.97842889562965,7.992597187758477,7.6,alt_mean,alt,other,>,25.0,0.65
R25,alt_mean > q0.20 (25),1,alt_mean,"other,other",1,2418,0.19107072303437375,0.5289495450785774,0.45781637717121587,0.07113316790736152,0.04302237092831432,0.09924396488640871,7.060355744796618e-07,34.97842889562965,7.992597187758477,7.6,alt_mean,alt,other,>,25.0,0.2
R27,alt_mean > q0.50 (25),1,alt_mean,"other,other",1,2418,0.19107072303437375,0.5289495450785774,0.45781637717121587,0.07113316790736152,0.04302237092831432,0.09924396488640871,7.060355744796618e-07,34.97842889562965,7.992597187758477,7.6,alt_mean,alt,other,>,25.0,0.5
R127,creatinine_delta <= q0.20 (-0.1626),1,creatinine_delta,"organ_failure,organ_failure",1,2532,0.2000790201501383,0.36729857819905215,0.4368088467614534,-0.06951026856240122,-0.09645156807965857,-0.04256896904514387,4.260710910568032e-07,34.976859874755206,9.559083728278042,8.3,creatinine_delta,creatinine,organ_failure,<=,-0.16258733564394673,0.2
R371,phosphorus_max > q0.65 (3.6),1,phosphorus_max,"other,other",1,4329,0.3420782299486369,0.49226149226149224,0.43913143913143915,0.05313005313005309,0.03214519520935432,0.07411491105075185,6.96334800325801e-07,34.956991031712384,8.086486486486486,7.7,phosphorus_max,phosphorus,other,>,3.6,0.65
R515,sbp_max <= q0.35 (123),1,sbp_max,"perfusion,perfusion",1,4454,0.35195574871592256,0.3872923215087562,0.4387067804220925,-0.05141445891333629,-0.07183640955375999,-0.0309925082729126,8.035182953531994e-07,34.31313318709616,10.192815446789403,9.1,sbp_max,sbp,perfusion,<=,123.0,0.35
R243,heart_rate_slope > q0.80 (0.03973),1,heart_rate_slope,"perfusion,perfusion",1,2499,0.19747135519557488,0.36054421768707484,0.4289715886354542,-0.06842737094837936,-0.09546393032361686,-0.04139081157314187,7.027455885999284e-07,34.206842052684244,10.643617446978793,10.1,heart_rate_slope,heart_rate,perfusion,>,0.03973084988575879,0.8
R241,heart_rate_slope <= q0.20 (-0.006134),1,heart_rate_slope,"perfusion,perfusion",1,2499,0.19747135519557488,0.4493797519007603,0.3813525410164066,0.0680272108843537,0.040768302254871276,0.09528611951383614,1.0013791427008317e-06,34.00680204068022,9.193637454981992,8.2,heart_rate_slope,heart_rate,perfusion,<=,-0.006133982597014735,0.2
R109,ck_total_max > q0.50 (100),1,ck_total_max,"other,other",1,1713,0.13536151718688266,0.5253940455341506,0.44424985405720957,0.08114419147694102,0.04778416667167754,0.1145042162822045,1.8656214757359715e-06,33.584285931510884,8.22883829538821,7.9,ck_total_max,ck_total,other,>,100.0,0.5
R108,ck_total_max > q0.35 (100),1,ck_total_max,"other,other",1,1713,0.13536151718688266,0.5253940455341506,0.44424985405720957,0.08114419147694102,0.04778416667167754,0.1145042162822045,1.8656214757359715e-06,33.584285931510884,8.22883829538821,7.9,ck_total_max,ck_total,other,>,100.0,0.35
R110,ck_total_max > q0.65 (100),1,ck_total_max,"other,other",1,1713,0.13536151718688266,0.5253940455341506,0.44424985405720957,0.08114419147694102,0.04778416667167754,0.1145042162822045,1.8656214757359715e-06,33.584285931510884,8.22883829538821,7.9,ck_total_max,ck_total,other,>,100.0,0.65
R107,ck_total_max > q0.20 (100),1,ck_total_max,"other,other",1,1713,0.13536151718688266,0.5253940455341506,0.44424985405720957,0.08114419147694102,0.04778416667167754,0.1145042162822045,1.8656214757359715e-06,33.584285931510884,8.22883829538821,7.9,ck_total_max,ck_total,other,>,100.0,0.2
R111,ck_total_max > q0.80 (100),1,ck_total_max,"other,other",1,1713,0.13536151718688266,0.5253940455341506,0.44424985405720957,0.08114419147694102,0.04778416667167754,0.1145042162822045,1.8656214757359715e-06,33.584285931510884,8.22883829538821,7.9,ck_total_max,ck_total,other,>,100.0,0.8
R370,phosphorus_max > q0.50 (3.5),1,phosphorus_max,"other,other",1,4581,0.36199130778348476,0.4870115695263043,0.43767736302117444,0.049334206505129874,0.028940618458143507,0.06972779455211624,2.1220087649802295e-06,33.390912940737856,8.088037546387252,7.7,phosphorus_max,phosphorus,other,>,3.5,0.5
R368,phosphorus_max > q0.20 (3.5),1,phosphorus_max,"other,other",1,4581,0.36199130778348476,0.4870115695263043,0.43767736302117444,0.049334206505129874,0.028940618458143507,0.06972779455211624,2.1220087649802295e-06,33.390912940737856,8.088037546387252,7.7,phosphorus_max,phosphorus,other,>,3.5,0.2
R369,phosphorus_max > q0.35 (3.5),1,phosphorus_max,"other,other",1,4581,0.36199130778348476,0.4870115695263043,0.43767736302117444,0.049334206505129874,0.028940618458143507,0.06972779455211624,2.1220087649802295e-06,33.390912940737856,8.088037546387252,7.7,phosphorus_max,phosphorus,other,>,3.5,0.35
R396,platelets_mean <= q0.35 (183.5),1,platelets_mean,"organ_failure,organ_failure",1,4430,0.3500592651126037,0.3871331828442438,0.43724604966139957,-0.050112866817155766,-0.07058546440491464,-0.029640269229396887,1.6050427985330754e-06,33.35424475746465,8.044356659142212,7.8,platelets_mean,platelets,organ_failure,<=,183.4798761609907,0.35
R362,nee_mcgkgmin_max > q0.65 (0.05),1,nee_mcgkgmin_max,"perfusion,perfusion",1,4209,0.3325958119320427,0.391304347826087,0.4426229508196721,-0.05131860299358515,-0.07235588475821124,-0.03028132122895906,1.7421026611616971e-06,33.293870677069656,8.474221905440722,8.0,nee_mcgkgmin_max,nee_mcgkgmin,perfusion,>,0.05,0.65
R170,dbp_median <= q0.35 (57),1,dbp_median,"perfusion,perfusion",1,4517,0.35693401817463455,0.4691166703564313,0.4197476201018375,0.04936905025459376,0.02890079728893589,0.06983730322025163,2.2731896458502726e-06,33.18026251670474,8.579588222271418,7.9,dbp_median,dbp,perfusion,<=,57.0,0.35
R579,sofa_min > q0.80 (5),1,sofa_min,"severity,severity",1,2001,0.15811932042670881,0.5137431284357821,0.440279860069965,0.07346326836581707,0.04259726226445715,0.10432927446717699,3.0871004436611715e-06,32.86198479972734,8.42833583208396,7.8,sofa_min,sofa,severity,>,5.0,0.8
R433,pt_max > q0.80 (18),1,pt_max,"organ_failure,organ_failure",1,2519,0.1990517581983406,0.5140928940055578,0.4489876935291782,0.06510520047637958,0.03756879996342319,0.09264160098933596,3.5850882590321513e-06,32.67606597821448,7.946883684001588,7.6,pt_max,pt,organ_failure,>,18.0,0.8
R166,dbp_mean <= q0.35 (59.5),1,dbp_mean,"perfusion,perfusion",1,4430,0.3500592651126037,0.4733634311512415,0.42437923250564336,0.048984198645598165,0.028295676799582375,0.06967272049161395,3.4724667931987617e-06,32.603023028692895,8.542302483069978,7.9,dbp_mean,dbp,perfusion,<=,59.49561403508772,0.35
R565,sofa_max > q0.65 (6),1,sofa_max,"severity,severity",1,3407,0.2692216515211379,0.5142353977105958,0.4584678602876431,0.05576753742295271,0.03206928843960048,0.07946578640630493,3.9816168494898414e-06,32.5512397772512,8.088963897857353,7.7,sofa_max,sofa,severity,>,6.0,0.65
R514,sbp_max <= q0.20 (120),1,sbp_max,"perfusion,perfusion",1,3909,0.3088897668905571,0.3898695318495779,0.4415451522128422,-0.051675620363264285,-0.0734953642405312,-0.029855876485997374,3.4528528932465816e-06,32.308629363344075,10.322870299309288,9.3,sbp_max,sbp,perfusion,<=,120.0,0.2
R574,sofa_median > q0.65 (5),1,sofa_median,"severity,severity",1,3428,0.2708810746740419,0.49883313885647607,0.4436989498249708,0.05513418903150524,0.0315381525264002,0.07873022553661028,4.656204965750785e-06,32.28058507362358,8.188856476079348,7.7,sofa_median,sofa,severity,>,5.0,0.65
R254,hemoglobin_mean > q0.65 (11.99),1,hemoglobin_mean,"anemia,anemia",1,4428,0.34990122481232716,0.3579494128274616,0.40605239385727193,-0.04810298102981031,-0.06831737073341675,-0.02788859132620387,3.0997750384378112e-06,32.00927203069386,12.124593495934958,14.0,hemoglobin_mean,hemoglobin,anemia,>,11.986486486486507,0.65
R115,ck_total_mean > q0.65 (100),1,ck_total_mean,"other,other",1,1631,0.12888186487554326,0.5229920294297977,0.4438994481912937,0.07909258123850404,0.04490158380665741,0.11328357867035069,5.788122364588746e-06,31.94204592659498,8.252789699570815,8.0,ck_total_mean,ck_total,other,>,100.0,0.65
R114,ck_total_mean > q0.50 (100),1,ck_total_mean,"other,other",1,1631,0.12888186487554326,0.5229920294297977,0.4438994481912937,0.07909258123850404,0.04490158380665741,0.11328357867035069,5.788122364588746e-06,31.94204592659498,8.252789699570815,8.0,ck_total_mean,ck_total,other,>,100.0,0.5
R113,ck_total_mean > q0.35 (100),1,ck_total_mean,"other,other",1,1631,0.12888186487554326,0.5229920294297977,0.4438994481912937,0.07909258123850404,0.04490158380665741,0.11328357867035069,5.788122364588746e-06,31.94204592659498,8.252789699570815,8.0,ck_total_mean,ck_total,other,>,100.0,0.35
R116,ck_total_mean > q0.80 (100),1,ck_total_mean,"other,other",1,1631,0.12888186487554326,0.5229920294297977,0.4438994481912937,0.07909258123850404,0.04490158380665741,0.11328357867035069,5.788122364588746e-06,31.94204592659498,8.252789699570815,8.0,ck_total_mean,ck_total,other,>,100.0,0.8
R112,ck_total_mean > q0.20 (100),1,ck_total_mean,"other,other",1,1631,0.12888186487554326,0.5229920294297977,0.4438994481912937,0.07909258123850404,0.04490158380665741,0.11328357867035069,5.788122364588746e-06,31.94204592659498,8.252789699570815,8.0,ck_total_mean,ck_total,other,>,100.0,0.2
R595,spo2_median <= q0.20 (97),1,spo2_median,"respiratory,respiratory",1,3471,0.27427894112998813,0.477384039181792,0.4232209737827715,0.054163065399020494,0.030790118076993583,0.0775360127210474,5.5726644693482e-06,31.910274669792265,8.746470757706712,7.9,spo2_median,spo2,respiratory,<=,97.0,0.2
R53,any_vasopressor_std > q0.80 (0.1914),1,any_vasopressor_std,"perfusion,perfusion",1,2530,0.1999209798498617,0.3731225296442688,0.43636363636363634,-0.06324110671936756,-0.09023401637008605,-0.03624819706864907,4.389304439569445e-06,31.809710899501756,8.840395256916997,8.2,any_vasopressor_std,any_vasopressor,perfusion,>,0.19142620230706459,0.8
R46,any_vasopressor_mean > q0.80 (0.0381),1,any_vasopressor_mean,"perfusion,perfusion",1,2530,0.1999209798498617,0.3731225296442688,0.43636363636363634,-0.06324110671936756,-0.09023401637008605,-0.03624819706864907,4.389304439569445e-06,31.809710899501756,8.840395256916997,8.2,any_vasopressor_mean,any_vasopressor,perfusion,>,0.0380952380952381,0.8
R385,phosphorus_std > q0.80 (0.5099),1,phosphorus_std,"other,other",1,2531,0.2,0.5045436586329514,0.4413275385223232,0.06321612011062816,0.035763376005583006,0.09066886421567331,6.381429609872162e-06,31.803426258345965,7.978071908336626,7.5,phosphorus_std,phosphorus,other,>,0.5098745704185841,0.8
R471,resp_rate_delta > q0.80 (3.47),1,resp_rate_delta,"respiratory,respiratory",1,2531,0.2,0.37297510865270644,0.4357961280126432,-0.06282101935993678,-0.08980550310627576,-0.0358365356135978,5.043673232890786e-06,31.604654844231327,9.489055709205848,8.6,resp_rate_delta,resp_rate,respiratory,>,3.469703206239167,0.8
R213,glucose_vital_min > q0.50 (90),1,glucose_vital_min,"other,other",1,1371,0.1083366258395891,0.4339897884755653,0.5193289569657185,-0.08533916849015316,-0.12259188398714221,-0.0480864529931641,7.122247654341218e-06,31.598548563736152,7.810503282275712,7.3,glucose_vital_min,glucose_vital,other,>,90.0,0.5
R214,glucose_vital_min > q0.65 (90),1,glucose_vital_min,"other,other",1,1371,0.1083366258395891,0.4339897884755653,0.5193289569657185,-0.08533916849015316,-0.12259188398714221,-0.0480864529931641,7.122247654341218e-06,31.598548563736152,7.810503282275712,7.3,glucose_vital_min,glucose_vital,other,>,90.0,0.65
R211,glucose_vital_min > q0.20 (90),1,glucose_vital_min,"other,other",1,1371,0.1083366258395891,0.4339897884755653,0.5193289569657185,-0.08533916849015316,-0.12259188398714221,-0.0480864529931641,7.122247654341218e-06,31.598548563736152,7.810503282275712,7.3,glucose_vital_min,glucose_vital,other,>,90.0,0.2
R215,glucose_vital_min > q0.80 (90),1,glucose_vital_min,"other,other",1,1371,0.1083366258395891,0.4339897884755653,0.5193289569657185,-0.08533916849015316,-0.12259188398714221,-0.0480864529931641,7.122247654341218e-06,31.598548563736152,7.810503282275712,7.3,glucose_vital_min,glucose_vital,other,>,90.0,0.8
R212,glucose_vital_min > q0.35 (90),1,glucose_vital_min,"other,other",1,1371,0.1083366258395891,0.4339897884755653,0.5193289569657185,-0.08533916849015316,-0.12259188398714221,-0.0480864529931641,7.122247654341218e-06,31.598548563736152,7.810503282275712,7.3,glucose_vital_min,glucose_vital,other,>,90.0,0.35
R148,creatinine_slope > q0.35 (0),1,creatinine_slope,"organ_failure,organ_failure",1,4857,0.3838008692216515,0.4737492279184682,0.4284537780522957,0.04529544986617251,0.025524848004768057,0.06506605172757696,7.106977598600295e-06,31.567386604782392,8.101235330450894,7.7,creatinine_slope,creatinine,organ_failure,>,0.0,0.35
R149,creatinine_slope > q0.50 (0),1,creatinine_slope,"organ_failure,organ_failure",1,4857,0.3838008692216515,0.4737492279184682,0.4284537780522957,0.04529544986617251,0.025524848004768057,0.06506605172757696,7.106977598600295e-06,31.567386604782392,8.101235330450894,7.7,creatinine_slope,creatinine,organ_failure,>,0.0,0.5
R522,sbp_median <= q0.20 (104),1,sbp_median,"perfusion,perfusion",1,2585,0.2042670881074674,0.4905222437137331,0.42862669245647966,0.061895551257253434,0.03477817451076579,0.08901292800374108,7.68739736933231e-06,31.469490305946422,8.82181818181818,8.0,sbp_median,sbp,perfusion,<=,104.0,0.2
R619,temperature_median <= q0.35 (36.94),1,temperature_median,"metabolic,metabolic",1,4750,0.375345713156855,0.46357894736842103,0.4183157894736842,0.04526315789473684,0.025315480034103333,0.06521083575537034,8.690602515626827e-06,31.1954787547305,8.851621052631579,8.1,temperature_median,temperature,metabolic,<=,36.94,0.35
R32,alt_median > q0.50 (25),1,alt_median,"other,other",1,1945,0.15369419201896484,0.5300771208226221,0.46118251928020565,0.0688946015424165,0.0375450403429817,0.1002441627418513,1.6522476695545405e-05,30.384003368028736,7.903290488431876,7.5,alt_median,alt,other,>,25.0,0.5
R33,alt_median > q0.65 (25),1,alt_median,"other,other",1,1945,0.15369419201896484,0.5300771208226221,0.46118251928020565,0.0688946015424165,0.0375450403429817,0.1002441627418513,1.6522476695545405e-05,30.384003368028736,7.903290488431876,7.5,alt_median,alt,other,>,25.0,0.65
R34,alt_median > q0.80 (25),1,alt_median,"other,other",1,1945,0.15369419201896484,0.5300771208226221,0.46118251928020565,0.0688946015424165,0.0375450403429817,0.1002441627418513,1.6522476695545405e-05,30.384003368028736,7.903290488431876,7.5,alt_median,alt,other,>,25.0,0.8
R31,alt_median > q0.35 (25),1,alt_median,"other,other",1,1945,0.15369419201896484,0.5300771208226221,0.46118251928020565,0.0688946015424165,0.0375450403429817,0.1002441627418513,1.6522476695545405e-05,30.384003368028736,7.903290488431876,7.5,alt_median,alt,other,>,25.0,0.35
R30,alt_median > q0.20 (25),1,alt_median,"other,other",1,1945,0.15369419201896484,0.5300771208226221,0.46118251928020565,0.0688946015424165,0.0375450403429817,0.1002441627418513,1.6522476695545405e-05,30.384003368028736,7.903290488431876,7.5,alt_median,alt,other,>,25.0,0.2
R276,lactate_mean > q0.80 (2.314),1,lactate_mean,"perfusion,perfusion",1,2530,0.1999209798498617,0.3869565217391304,0.4470355731225296,-0.060079051383399196,-0.08720000925892721,-0.032958093507871176,1.4129249545880294e-05,30.219225354526674,8.591581027667985,8.1,lactate_mean,lactate,perfusion,>,2.313559322033893,0.8
R178,dbp_slope > q0.65 (-0.002901),1,dbp_slope,"perfusion,perfusion",1,4372,0.34547609640458316,0.40530649588289114,0.4508234217749314,-0.04551692589204026,-0.06623738173135538,-0.02479647005272514,1.6656351229488288e-05,30.096292549940454,9.336184812442818,8.2,dbp_slope,dbp,perfusion,>,-0.002900922589481014,0.65
R172,dbp_min <= q0.20 (38),1,dbp_min,"perfusion,perfusion",1,2628,0.20766495456341366,0.4916286149162861,0.4345509893455099,0.057077625570776225,0.030160458772243257,0.08399479236930919,3.236362616653094e-05,29.26028679903262,8.232724505327244,7.75,dbp_min,dbp,perfusion,<=,38.0,0.2
R604,spo2_slope > q0.80 (0.00438),1,spo2_slope,"respiratory,respiratory",1,2499,0.19747135519557488,0.3465386154461785,0.40496198479391754,-0.05842336934773906,-0.08522895938617174,-0.031617779309306385,1.9384680199672503e-05,29.205841752584185,10.298239295718288,9.4,spo2_slope,spo2,respiratory,>,0.0043797431377197715,0.8
R265,hemoglobin_std > q0.65 (1.846),1,hemoglobin_std,"anemia,anemia",1,4429,0.34998024496246544,0.3881237299616166,0.4312485888462407,-0.043124858884624084,-0.06358777367312435,-0.02266194409612382,3.617709298659299e-05,28.69990948934021,7.5665161435990065,7.5,hemoglobin_std,hemoglobin,anemia,>,1.8463716241871737,0.65
R609,temperature_max > q0.20 (37),1,temperature_max,"metabolic,metabolic",1,5016,0.3963650730936389,0.39712918660287083,0.4370015948963317,-0.03987240829346089,-0.05915427258493755,-0.020590544001984235,5.055912353387563e-05,28.23912473624523,8.449003189792663,7.8,temperature_max,temperature,metabolic,>,37.0,0.2
R610,temperature_max > q0.35 (37),1,temperature_max,"metabolic,metabolic",1,5016,0.3963650730936389,0.39712918660287083,0.4370015948963317,-0.03987240829346089,-0.05915427258493755,-0.020590544001984235,5.055912353387563e-05,28.23912473624523,8.449003189792663,7.8,temperature_max,temperature,metabolic,>,37.0,0.35
R611,temperature_max > q0.50 (37),1,temperature_max,"metabolic,metabolic",1,5016,0.3963650730936389,0.39712918660287083,0.4370015948963317,-0.03987240829346089,-0.05915427258493755,-0.020590544001984235,5.055912353387563e-05,28.23912473624523,8.449003189792663,7.8,temperature_max,temperature,metabolic,>,37.0,0.5
R616,temperature_mean > q0.65 (37),1,temperature_mean,"metabolic,metabolic",1,3135,0.2477281706835243,0.38181818181818183,0.43157894736842106,-0.04976076555023923,-0.07404746601113774,-0.025474065089340713,5.923859908585638e-05,27.86158542839463,8.657065390749601,7.8,temperature_mean,temperature,metabolic,>,37.0,0.65
R272,lactate_max > q0.80 (3.3),1,lactate_max,"perfusion,perfusion",1,2427,0.19178190438561835,0.39596209311907704,0.45241038318912236,-0.056448290070045315,-0.08420999467403181,-0.028686585466058814,6.739566723995095e-05,27.809019651178296,8.566872682323858,8.1,lactate_max,lactate,perfusion,>,3.3,0.8
R207,glucose_vital_median <= q0.20 (90),1,glucose_vital_median,"other,other",1,3707,0.29292769656262346,0.43485298084704616,0.38980307526301594,0.045049905584030214,0.02266302726111399,0.06743678390694643,8.007443549300688e-05,27.428697075386292,11.50720258969517,14.0,glucose_vital_median,glucose_vital,other,<=,90.0,0.2
R622,temperature_median > q0.80 (37),1,temperature_median,"metabolic,metabolic",1,2449,0.1935203476886606,0.3854634544712127,0.4405879951000408,-0.0551245406288281,-0.08266005896069878,-0.02758902229695743,8.716004409902906e-05,27.27968655408598,8.384605961616987,7.6,temperature_median,temperature,metabolic,>,37.0,0.8
R621,temperature_median > q0.65 (37),1,temperature_median,"metabolic,metabolic",1,2449,0.1935203476886606,0.3854634544712127,0.4405879951000408,-0.0551245406288281,-0.08266005896069878,-0.02758902229695743,8.716004409902906e-05,27.27968655408598,8.384605961616987,7.6,temperature_median,temperature,metabolic,>,37.0,0.65
R620,temperature_median > q0.50 (37),1,temperature_median,"metabolic,metabolic",1,2449,0.1935203476886606,0.3854634544712127,0.4405879951000408,-0.0551245406288281,-0.08266005896069878,-0.02758902229695743,8.716004409902906e-05,27.27968655408598,8.384605961616987,7.6,temperature_median,temperature,metabolic,>,37.0,0.5
R208,glucose_vital_median <= q0.35 (102),1,glucose_vital_median,"other,other",1,4480,0.35401027261951795,0.4330357142857143,0.3924107142857143,0.04062500000000002,0.020253970742551777,0.060996029257448264,9.277982106661554e-05,27.191450862357467,10.954397321428571,12.2,glucose_vital_median,glucose_vital,other,<=,102.0,0.35
R569,sofa_mean > q0.65 (4.752),1,sofa_mean,"severity,severity",1,4233,0.33449229553536153,0.48547129695251595,0.44389321993857783,0.04157807701393812,0.02034792037940719,0.06280823364846905,0.0001237627011454923,27.051324467487934,8.284337349397592,7.8,sofa_mean,sofa,severity,>,4.75207792983924,0.65
R558,sodium_std > q0.80 (1.945),1,sodium_std,"other,other",1,2530,0.1999209798498617,0.4932806324110672,0.43952569169960476,0.05375494071146242,0.026303386002179234,0.0812064954207456,0.00012402913522824288,27.038254264576484,7.940158102766799,7.6,sodium_std,sodium,other,>,1.9450669501621312,0.8
R129,creatinine_delta > q0.65 (0.1283),1,creatinine_delta,"organ_failure,organ_failure",1,4429,0.34998024496246544,0.46895461729510046,0.4287649582298487,0.04018965906525174,0.019490633886139877,0.0608886842443636,0.00014147405714524375,26.746512508390335,9.50483179047189,8.5,creatinine_delta,creatinine,organ_failure,>,0.12825713432383298,0.65
R612,temperature_max > q0.65 (37.11),1,temperature_max,"metabolic,metabolic",1,4321,0.34144606874753064,0.40037028465632957,0.44087016894237446,-0.040499884286044896,-0.06129876607235825,-0.019701002499731547,0.00013533590883293463,26.622320992088305,8.375792640592456,7.7,temperature_max,temperature,metabolic,>,37.11,0.65
R592,spo2_mean <= q0.35 (97.63),1,spo2_mean,"respiratory,respiratory",1,4429,0.34998024496246544,0.4675999096861594,0.4280876044253782,0.0395123052607812,0.01881711280841724,0.06020749771314516,0.00018246645059454656,26.295728589709597,8.830209979679386,8.0,spo2_mean,spo2,respiratory,<=,97.63246277625271,0.35
R249,hemoglobin_delta <= q0.35 (-2.229),1,hemoglobin_delta,"anemia,anemia",1,4429,0.34998024496246544,0.3761571460826372,0.41521788214043803,-0.03906073605780086,-0.059411397185978224,-0.018710074929623493,0.00016856483417378463,25.995205977255782,11.14689546172951,14.0,hemoglobin_delta,hemoglobin,anemia,<=,-2.228575695619149,0.35
R608,spo2_std > q0.80 (2.055),1,spo2_std,"respiratory,respiratory",1,2530,0.1999209798498617,0.49288537549407113,0.441501976284585,0.05138339920948615,0.023925493812738657,0.07884130460623363,0.0002445991543468258,25.845390105845176,8.367905138339921,7.7,spo2_std,spo2,respiratory,>,2.05532372870091,0.8
R637,urea_median > q0.50 (15),1,urea_median,"organ_failure,organ_failure",1,5051,0.3991307783484789,0.48386458127103543,0.4476341318550782,0.03623044941595721,0.01678829117782562,0.0556726076540888,0.0002597413363594855,25.74912084541949,7.965808750742428,7.7,urea_median,urea,organ_failure,>,15.0,0.5
R636,urea_median > q0.35 (15),1,urea_median,"organ_failure,organ_failure",1,5051,0.3991307783484789,0.48386458127103543,0.4476341318550782,0.03623044941595721,0.01678829117782562,0.0556726076540888,0.0002597413363594855,25.74912084541949,7.965808750742428,7.7,urea_median,urea,organ_failure,>,15.0,0.35
R635,urea_median > q0.20 (15),1,urea_median,"organ_failure,organ_failure",1,5051,0.3991307783484789,0.48386458127103543,0.4476341318550782,0.03623044941595721,0.01678829117782562,0.0556726076540888,0.0002597413363594855,25.74912084541949,7.965808750742428,7.7,urea_median,urea,organ_failure,>,15.0,0.2
R231,heart_rate_mean > q0.80 (95.99),1,heart_rate_mean,"perfusion,perfusion",1,2531,0.2,0.47372580007902015,0.42275780323982615,0.05096799683919401,0.023603679375484955,0.07833231430290306,0.0002615876056019785,25.64151242079146,8.799683919399447,7.8,heart_rate_mean,heart_rate,perfusion,>,95.98694508106273,0.8
R614,temperature_mean <= q0.20 (36.62),1,temperature_mean,"metabolic,metabolic",1,2531,0.2,0.46779928881864874,0.41722639273014617,0.05057289608850257,0.02324275841637444,0.07790303376063071,0.00028687682447421805,25.442741006676794,9.069972342947452,8.4,temperature_mean,temperature,metabolic,<=,36.62239940074904,0.2
R533,sbp_slope > q0.65 (0),1,sbp_slope,"perfusion,perfusion",1,4161,0.328802844725405,0.3917327565489065,0.43114635904830567,-0.03941360249939918,-0.06054227638692557,-0.018284928611872798,0.00025598150502391365,25.424064997363157,9.174164864215332,8.2,sbp_slope,sbp,perfusion,>,0.0,0.65
R586,spo2_delta <= q0.20 (-2.127),1,spo2_delta,"respiratory,respiratory",1,2531,0.2,0.369814302647175,0.41999209798498616,-0.05017779533781114,-0.07707517596241306,-0.02328041471320921,0.0002557488928573064,25.243969592562127,9.335480047412089,8.4,spo2_delta,spo2,respiratory,<=,-2.1267582533710905,0.2
R236,heart_rate_min <= q0.20 (64),1,heart_rate_min,"perfusion,perfusion",1,2620,0.2070327933623074,0.37404580152671757,0.4232824427480916,-0.049236641221374056,-0.07571755060668714,-0.02275573183606097,0.0002681426294683431,25.20223545155718,8.800916030534351,8.1,heart_rate_min,heart_rate,perfusion,<=,64.0,0.2
R198,glucose_lab_std > q0.80 (25.95),1,glucose_lab_std,"other,other",1,2531,0.2,0.4994073488739629,0.45001975503753455,0.04938759383642832,0.021908193568744003,0.07686699410411264,0.00042729187743414644,24.846426764332822,8.149032003160805,7.7,glucose_lab_std,glucose_lab,other,>,25.9472513762019,0.8
R117,ck_total_median > q0.20 (100),1,ck_total_median,"other,other",1,1293,0.10217305412880284,0.5212683681361175,0.4532095901005414,0.06805877803557614,0.029618059226518605,0.10649949684463367,0.0005201604980487136,24.472785838826557,8.08352668213457,7.8,ck_total_median,ck_total,other,>,100.0,0.2
R119,ck_total_median > q0.50 (100),1,ck_total_median,"other,other",1,1293,0.10217305412880284,0.5212683681361175,0.4532095901005414,0.06805877803557614,0.029618059226518605,0.10649949684463367,0.0005201604980487136,24.472785838826557,8.08352668213457,7.8,ck_total_median,ck_total,other,>,100.0,0.5
R118,ck_total_median > q0.35 (100),1,ck_total_median,"other,other",1,1293,0.10217305412880284,0.5212683681361175,0.4532095901005414,0.06805877803557614,0.029618059226518605,0.10649949684463367,0.0005201604980487136,24.472785838826557,8.08352668213457,7.8,ck_total_median,ck_total,other,>,100.0,0.35
R121,ck_total_median > q0.80 (100),1,ck_total_median,"other,other",1,1293,0.10217305412880284,0.5212683681361175,0.4532095901005414,0.06805877803557614,0.029618059226518605,0.10649949684463367,0.0005201604980487136,24.472785838826557,8.08352668213457,7.8,ck_total_median,ck_total,other,>,100.0,0.8
R120,ck_total_median > q0.65 (100),1,ck_total_median,"other,other",1,1293,0.10217305412880284,0.5212683681361175,0.4532095901005414,0.06805877803557614,0.029618059226518605,0.10649949684463367,0.0005201604980487136,24.472785838826557,8.08352668213457,7.8,ck_total_median,ck_total,other,>,100.0,0.65
R617,temperature_mean > q0.80 (37.06),1,temperature_mean,"metabolic,metabolic",1,2531,0.2,0.3875938364282892,0.43619122876333466,-0.04859739233504545,-0.07568155315049992,-0.021513231519590992,0.0004367030435626605,24.448883936103485,8.469182141446069,7.7,temperature_mean,temperature,metabolic,>,37.06357811339441,0.8
R204,glucose_vital_mean <= q0.35 (108.5),1,glucose_vital_mean,"other,other",1,4429,0.34998024496246544,0.4301196658387898,0.3937683449988711,0.03635132083991871,0.015865643196493636,0.05683699848334378,0.0005052249414173401,24.192070302532834,10.903522239783246,11.7,glucose_vital_mean,glucose_vital,other,<=,108.52284407665505,0.35
R384,phosphorus_std > q0.65 (0.2992),1,phosphorus_std,"other,other",1,4429,0.34998024496246544,0.4788891397606683,0.4425378189207496,0.03635132083991871,0.015604356804007128,0.057098284875830296,0.0005943726383171617,24.192070302532834,7.977308647550237,7.6,phosphorus_std,phosphorus,other,>,0.2991904388521598,0.65
R578,sofa_min > q0.65 (3),1,sofa_min,"severity,severity",1,4174,0.3298301066772027,0.4753234307618591,0.43794920939147103,0.037374221370388094,0.016018239522675594,0.058730203218100595,0.0006033254649249926,24.146176785943855,8.583588883564925,7.9,sofa_min,sofa,severity,>,3.0,0.65
R344,mbp_max > q0.65 (97),1,mbp_max,"perfusion,perfusion",1,4249,0.3357566179375741,0.3930336549776418,0.4297481760414215,-0.036714521063779704,-0.057625103338018596,-0.01580393878954081,0.0005788367945393418,23.932123361602564,8.701200282419391,8.0,mbp_max,mbp,perfusion,>,97.0,0.65
R259,hemoglobin_min > q0.65 (9.3),1,hemoglobin_min,"anemia,anemia",1,4363,0.3447649150533386,0.35411414164565663,0.39032775613110243,-0.0362136144854458,-0.05648471811428755,-0.01594251085660405,0.0004626970762282651,23.920182040905203,12.626312170524868,14.0,hemoglobin_min,hemoglobin,anemia,>,9.3,0.65
R487,resp_rate_slope <= q0.35 (-0.0007953),1,resp_rate_slope,"respiratory,respiratory",1,4372,0.34547609640458316,0.3854071363220494,0.4215462031107045,-0.03613906678865508,-0.0566913058918382,-0.015586827685471965,0.0005679723195265461,23.895548858746693,9.068778591033851,8.149999999999999,resp_rate_slope,resp_rate,respiratory,<=,-0.0007953125392128182,0.35
R510,sbp_delta <= q0.20 (-8.562),1,sbp_delta,"perfusion,perfusion",1,2531,0.2,0.3828526274199921,0.4294745160015804,-0.04662188858158828,-0.07365021311014266,-0.019593564053033898,0.0007226012438754764,23.455026865530154,9.96451995258791,8.9,sbp_delta,sbp,perfusion,<=,-8.561623634909378,0.2
R520,sbp_mean > q0.65 (120),1,sbp_mean,"perfusion,perfusion",1,3781,0.2987751876728566,0.37423961914837345,0.41232478180375565,-0.0380851626553822,-0.060088218065016116,-0.016082107245748285,0.000692400873543834,23.41850426986113,9.529859825443005,8.5,sbp_mean,sbp,perfusion,>,120.0,0.65
R513,sbp_delta > q0.80 (11.05),1,sbp_delta,"perfusion,perfusion",1,2531,0.2,0.38640853417621496,0.43145001975503755,-0.04504148557882259,-0.0721005448310296,-0.0179824263266156,0.0011041788975074465,22.659941209071516,9.322283682338997,8.3,sbp_delta,sbp,perfusion,>,11.049455898085066,0.8
R81,bilirubin_total_delta > q0.65 (6.661e-16),1,bilirubin_total_delta,"organ_failure,organ_failure",1,4422,0.34942710391149745,0.47738579828132066,0.44391677973767524,0.033469018543645424,0.012703739518075106,0.054234297569215745,0.0015826545841143276,22.256268205742682,9.102284034373588,8.2,bilirubin_total_delta,bilirubin_total,organ_failure,>,6.661338147750939e-16,0.65
R447,pt_std > q0.65 (1.07),1,pt_std,"organ_failure,organ_failure",1,4429,0.34998024496246544,0.4109279747121246,0.4438925265296907,-0.03296455181756608,-0.05355763151791053,-0.012371472117221633,0.0017040278219001596,21.938150709129182,8.171980130955069,7.8,pt_std,pt,organ_failure,>,1.0700014632864565,0.65
R255,hemoglobin_median <= q0.20 (8.2),1,hemoglobin_median,"anemia,anemia",1,2649,0.20932437771631765,0.4983012457531144,0.4560211400528501,0.0422801057002643,0.01540456434672921,0.0691556470537994,0.002046252349269787,21.76090953620645,6.900264250660626,6.9,hemoglobin_median,hemoglobin,anemia,<=,8.2,0.2
R354,mbp_min <= q0.20 (52),1,mbp_min,"perfusion,perfusion",1,2862,0.22615566969577242,0.4832285115303983,0.44304682040531096,0.04018169112508735,0.014366819371102693,0.065996562879072,0.002282294894064117,21.496265906861698,8.332215234102026,7.8,mbp_min,mbp,perfusion,<=,52.0,0.2
R230,heart_rate_mean > q0.65 (86.46),1,heart_rate_mean,"perfusion,perfusion",1,4429,0.34998024496246544,0.46014901783698353,0.4280876044253782,0.032061413411605344,0.01137750534629857,0.05274532147691212,0.002380524323167146,21.33710548422152,8.752878753669,7.9,heart_rate_mean,heart_rate,perfusion,>,86.45506247307195,0.65
R468,resp_rate_delta <= q0.20 (-1.712),1,resp_rate_delta,"respiratory,respiratory",1,2531,0.2,0.4670090873172659,0.42473330699328327,0.04227578032398266,0.014914147179008994,0.06963741346895633,0.0024589526585510006,21.2685413102689,8.990715132358751,8.0,resp_rate_delta,resp_rate,respiratory,<=,-1.7120914927768864,0.2
R210,glucose_vital_median > q0.80 (159),1,glucose_vital_median,"other,other",1,2459,0.19431054919004345,0.42212281415209435,0.4648230988206588,-0.04270028466856446,-0.07044415764863887,-0.014956411688490049,0.0025561501132693775,21.174347428431574,8.43123220821472,7.9,glucose_vital_median,glucose_vital,other,>,159.0,0.8
R573,sofa_median > q0.50 (4),1,sofa_median,"severity,severity",1,4655,0.3678387988937179,0.4728249194414608,0.44189044038668096,0.030934479054779862,0.010704910322032676,0.05116404778752705,0.002724932976812847,21.10584038575178,8.278174006444683,7.8,sofa_median,sofa,severity,>,4.0,0.5
R474,resp_rate_max > q0.65 (26),1,resp_rate_max,"respiratory,respiratory",1,4158,0.3285657842749901,0.47619047619047616,0.4434824434824435,0.032708032708032686,0.011295934851504066,0.0541201305645613,0.0027534918456517425,21.090975435698656,8.234006734006734,7.6,resp_rate_max,resp_rate,respiratory,>,26.0,0.65
R588,spo2_delta > q0.65 (-0.1016),1,spo2_delta,"respiratory,respiratory",1,4428,0.34990122481232716,0.4123757904245709,0.44399277326106595,-0.031616982836495056,-0.05221801189724762,-0.01101595377574249,0.0026291471888497354,21.0389581422401,9.208717253839204,8.2,spo2_delta,spo2,respiratory,>,-0.10160959906350797,0.65
R434,pt_mean <= q0.20 (12.2),1,pt_mean,"organ_failure,organ_failure",1,2906,0.22963255630185697,0.3682037164487268,0.40674466620784583,-0.038540949759119036,-0.06357129413330888,-0.013510605384929191,0.0025449311335634783,20.77639615771063,11.169821059876119,14.0,pt_mean,pt,organ_failure,<=,12.2,0.2
R523,sbp_median <= q0.35 (112),1,sbp_median,"perfusion,perfusion",1,4525,0.3575661793757408,0.4572375690607735,0.4267403314917127,0.03049723756906081,0.01004296372780383,0.050951511410317785,0.0034739881302864803,20.514918436421816,8.69918232044199,8.0,sbp_median,sbp,perfusion,<=,112.0,0.35
R453,ptt_mean > q0.80 (37.15),1,ptt_mean,"organ_failure,organ_failure",1,2531,0.2,0.4954563413670486,0.45476096404583166,0.04069537732121692,0.013204072089964436,0.0681866825524694,0.0037151371204620673,20.473455653810234,8.159383642828923,7.8,ptt_mean,ptt,organ_failure,>,37.14533333333332,0.8
R512,sbp_delta > q0.65 (5.612),1,sbp_delta,"perfusion,perfusion",1,4429,0.34998024496246544,0.3919620681869497,0.42244298938812375,-0.03048092120117407,-0.05093441893463087,-0.010027423467717272,0.003490227109328832,20.28527634063312,9.27674418604651,8.3,sbp_delta,sbp,perfusion,>,5.612015179585255,0.65
R532,sbp_slope <= q0.35 (-0.01446),1,sbp_slope,"perfusion,perfusion",1,4373,0.34555511655472143,0.37845872398810887,0.40864395152069516,-0.03018522753258629,-0.05065305287950245,-0.009717402185670129,0.0038458189590785423,19.961087230663026,9.552572604619256,8.6,sbp_slope,sbp,perfusion,<=,-0.014464247457177584,0.35
R493,resp_rate_std > q0.80 (4.133),1,resp_rate_std,"respiratory,respiratory",1,2531,0.2,0.48123271434215725,0.44172263927301464,0.039510075069142614,0.012065220628887968,0.06695492950939726,0.004777743167476666,19.877141411466233,8.359699723429475,7.6,resp_rate_std,resp_rate,respiratory,>,4.133014926616577,0.8
R234,heart_rate_median > q0.65 (87),1,heart_rate_median,"perfusion,perfusion",1,4327,0.34192018964836035,0.45296972498266697,0.4233880286572683,0.029581696325398643,0.00868347540047526,0.050479917250322026,0.005530281451349199,19.4588209551633,8.82405823896464,7.9,heart_rate_median,heart_rate,perfusion,>,87.0,0.65
R353,mbp_median > q0.80 (93),1,mbp_median,"perfusion,perfusion",1,643,0.05080995653891742,0.3312597200622084,0.4059097978227061,-0.0746500777604977,-0.1272261351590153,-0.022074020361980105,0.0053874643560910835,18.929352161402385,10.27729393468118,9.3,mbp_median,mbp,perfusion,>,93.0,0.8
R200,glucose_vital_max <= q0.35 (130),1,glucose_vital_max,"other,other",1,4453,0.3518767285657843,0.41949247698181,0.3914215135863463,0.02807096339546372,0.0076850003448939025,0.04845692644603354,0.006957510105367109,18.73197913844921,10.895778127105322,11.4,glucose_vital_max,glucose_vital,other,<=,130.0,0.35
R185,glucose_lab_max > q0.80 (171),1,glucose_lab_max,"other,other",1,2519,0.1990517581983406,0.4938467645891227,0.45653036919412465,0.037316395394998036,0.009755819886744847,0.06487697090325123,0.00795920151637869,18.728964646049757,8.06510520047638,7.6,glucose_lab_max,glucose_lab,other,>,171.0,0.8
R539,sodium_max > q0.20 (140),1,sodium_max,"other,other",1,3591,0.2837613591465824,0.40378724589250903,0.4349763297131718,-0.031189083820662766,-0.05400282440097361,-0.00837534324035192,0.007372075104765244,18.690043841345663,8.118880534670009,7.8,sodium_max,sodium,other,>,140.0,0.2
R540,sodium_max > q0.35 (140),1,sodium_max,"other,other",1,3591,0.2837613591465824,0.40378724589250903,0.4349763297131718,-0.031189083820662766,-0.05400282440097361,-0.00837534324035192,0.007372075104765244,18.690043841345663,8.118880534670009,7.8,sodium_max,sodium,other,>,140.0,0.35
R541,sodium_max > q0.50 (140),1,sodium_max,"other,other",1,3591,0.2837613591465824,0.40378724589250903,0.4349763297131718,-0.031189083820662766,-0.05400282440097361,-0.00837534324035192,0.007372075104765244,18.690043841345663,8.118880534670009,7.8,sodium_max,sodium,other,>,140.0,0.5
R542,sodium_max > q0.65 (140),1,sodium_max,"other,other",1,3591,0.2837613591465824,0.40378724589250903,0.4349763297131718,-0.031189083820662766,-0.05400282440097361,-0.00837534324035192,0.007372075104765244,18.690043841345663,8.118880534670009,7.8,sodium_max,sodium,other,>,140.0,0.65
R355,mbp_min <= q0.35 (56),1,mbp_min,"perfusion,perfusion",1,4479,0.3539312524693797,0.46126367492743914,0.4333556597454789,0.027908015181960233,0.007322842197439713,0.04849318816648075,0.007878373524387281,18.677531683134752,8.387787452556374,7.9,mbp_min,mbp,perfusion,<=,56.0,0.35
R235,heart_rate_median > q0.80 (97),1,heart_rate_median,"perfusion,perfusion",1,2428,0.19186092453575662,0.46499176276771004,0.42751235584843494,0.03747940691927509,0.009535695135037044,0.06542311870351314,0.008567584728518658,18.467880305151514,8.879159802306425,7.9,heart_rate_median,heart_rate,perfusion,>,97.0,0.8
R193,glucose_lab_min > q0.65 (90),1,glucose_lab_min,"other,other",1,1284,0.10146187277755828,0.4696261682242991,0.5210280373831776,-0.05140186915887851,-0.09002656288916211,-0.012777175428594918,0.009097338224209637,18.41880388213627,7.581542056074767,7.2,glucose_lab_min,glucose_lab,other,>,90.0,0.65
R190,glucose_lab_min > q0.20 (90),1,glucose_lab_min,"other,other",1,1284,0.10146187277755828,0.4696261682242991,0.5210280373831776,-0.05140186915887851,-0.09002656288916211,-0.012777175428594918,0.009097338224209637,18.41880388213627,7.581542056074767,7.2,glucose_lab_min,glucose_lab,other,>,90.0,0.2
R194,glucose_lab_min > q0.80 (90),1,glucose_lab_min,"other,other",1,1284,0.10146187277755828,0.4696261682242991,0.5210280373831776,-0.05140186915887851,-0.09002656288916211,-0.012777175428594918,0.009097338224209637,18.41880388213627,7.581542056074767,7.2,glucose_lab_min,glucose_lab,other,>,90.0,0.8
R192,glucose_lab_min > q0.50 (90),1,glucose_lab_min,"other,other",1,1284,0.10146187277755828,0.4696261682242991,0.5210280373831776,-0.05140186915887851,-0.09002656288916211,-0.012777175428594918,0.009097338224209637,18.41880388213627,7.581542056074767,7.2,glucose_lab_min,glucose_lab,other,>,90.0,0.5
R191,glucose_lab_min > q0.35 (90),1,glucose_lab_min,"other,other",1,1284,0.10146187277755828,0.4696261682242991,0.5210280373831776,-0.05140186915887851,-0.09002656288916211,-0.012777175428594918,0.009097338224209637,18.41880388213627,7.581542056074767,7.2,glucose_lab_min,glucose_lab,other,>,90.0,0.35
R519,sbp_mean <= q0.35 (111.3),1,sbp_mean,"perfusion,perfusion",1,4430,0.3500592651126037,0.4510158013544018,0.4234762979683973,0.02753950338600447,0.006889313976643871,0.04818969279536507,0.008951654488649716,18.32981018203009,8.743611738148983,8.0,sbp_mean,sbp,perfusion,<=,111.31712962962963,0.35
R419,potassium_mean > q0.80 (4.329),1,potassium_mean,"other,other",1,2530,0.1999209798498617,0.46126482213438735,0.424901185770751,0.036363636363636376,0.009007328109050958,0.0637199446182218,0.00917807492497276,18.290583767213523,8.052173913043479,7.7,potassium_mean,potassium,other,>,4.3285714285714265,0.8
R594,spo2_mean > q0.80 (99),1,spo2_mean,"respiratory,respiratory",1,2525,0.1995258790991703,0.3706930693069307,0.4067326732673267,-0.036039603960396016,-0.06291039914503044,-0.009168808775761594,0.008568976398109062,18.10967686182179,9.293623762376237,8.3,spo2_mean,spo2,respiratory,>,99.0,0.8
R466,ptt_std > q0.65 (2.198),1,ptt_std,"organ_failure,organ_failure",1,4429,0.34998024496246544,0.41521788214043803,0.4420862497177693,-0.026868367577331242,-0.0474728135989757,-0.006263921555686787,0.010592689356094491,17.881095441002543,8.221065703319033,7.9,ptt_std,ptt,organ_failure,>,2.1981172234891013,0.65
R448,pt_std > q0.80 (1.869),1,pt_std,"organ_failure,organ_failure",1,2531,0.2,0.48004741209008295,0.44527854602923744,0.034768866060845505,0.007314171469264712,0.0622235606524263,0.013058818700161073,17.49188444209029,8.043856183326747,7.7,pt_std,pt,organ_failure,>,1.868634991960128,0.8
R187,glucose_lab_mean > q0.80 (136.9),1,glucose_lab_mean,"other,other",1,2531,0.2,0.4851837218490715,0.450414855788226,0.034768866060845505,0.007294432747780993,0.062243299373910016,0.013124320088284491,17.49188444209029,8.018372184907152,7.6,glucose_lab_mean,glucose_lab,other,>,136.88893795887077,0.8
R600,spo2_min <= q0.35 (94),1,spo2_min,"respiratory,respiratory",1,5047,0.3988146977479257,0.462056667327125,0.4374876164057856,0.02456905092133943,0.005165128681561035,0.043972973161117826,0.013074547256863132,17.454404356053207,8.42607489597781,7.8,spo2_min,spo2,respiratory,<=,94.0,0.35
R203,glucose_vital_mean <= q0.20 (90),1,glucose_vital_mean,"other,other",1,2701,0.2134334255235085,0.42021473528322845,0.3872639763050722,0.03295075897815625,0.006797102736282919,0.05910441522002957,0.013534491828053462,17.124887004170002,12.37334320621992,14.0,glucose_vital_mean,glucose_vital,other,<=,90.0,0.2
R343,magnesium_std > q0.80 (0.1918),1,magnesium_std,"other,other",1,2531,0.2,0.40300276570525484,0.43698143026471753,-0.03397866455946269,-0.06115588666240448,-0.006801442456520902,0.014265213377820008,17.094341613860983,8.147767680758593,7.8,magnesium_std,magnesium,other,>,0.19180521228341493,0.8
R345,mbp_max > q0.80 (107),1,mbp_max,"perfusion,perfusion",1,2422,0.1913868036349269,0.3905862923203964,0.42526837324525185,-0.034682080924855474,-0.06234464148871772,-0.00701952036099323,0.013996222811243965,17.06837660027414,8.59896779521057,7.9,mbp_max,mbp,perfusion,>,107.0,0.8
R534,sbp_slope > q0.80 (0.008051),1,sbp_slope,"perfusion,perfusion",1,2499,0.19747135519557488,0.37174869947979194,0.4057623049219688,-0.03401360544217685,-0.06102638218749572,-0.007000828696857992,0.013588249347867525,17.00340102034011,9.970108043217287,9.1,sbp_slope,sbp,perfusion,>,0.008051053308524453,0.8
R176,dbp_slope <= q0.20 (-0.07104),1,dbp_slope,"perfusion,perfusion",1,2499,0.19747135519557488,0.38415366146458585,0.4181672669067627,-0.03401360544217685,-0.061174285472058595,-0.006852925412295114,0.014106943181906844,17.00340102034011,10.683073229291717,10.0,dbp_slope,dbp,perfusion,<=,-0.07103730160773311,0.2
R544,sodium_mean <= q0.20 (137.4),1,sodium_mean,"other,other",1,2531,0.2,0.4713551955748716,0.43777163176610034,0.033583563808771255,0.006164837414527641,0.06100229020301487,0.01636431887773913,16.895570199746317,7.902212564203872,7.6,sodium_mean,sodium,other,<=,137.35020222446917,0.2
R339,magnesium_median > q0.80 (2.1),1,magnesium_median,"other,other",1,1904,0.15045436586329514,0.49212184873949577,0.453781512605042,0.038340336134453756,0.00664825021834492,0.07003242205056259,0.017732273683062426,16.729747570764847,7.772636554621848,7.5,magnesium_median,magnesium,other,>,2.1,0.8
R386,platelets_delta <= q0.20 (-87.39),1,platelets_delta,"organ_failure,organ_failure",1,2531,0.2,0.4069537732121691,0.4393520347688661,-0.032398261556697006,-0.05960462195615589,-0.005191901157238124,0.019593898445515484,16.299255957402345,10.788858158830502,10.7,platelets_delta,platelets,organ_failure,<=,-87.38997247081561,0.2
R628,temperature_std > q0.65 (0.3014),1,temperature_std,"metabolic,metabolic",1,4429,0.34998024496246544,0.41589523594490857,0.44005418830435766,-0.024158952359449093,-0.044760765043886666,-0.0035571396750115197,0.021538094138971835,16.077959766279594,8.577466696771282,8.0,temperature_std,temperature,metabolic,>,0.30140368591102595,0.65
R584,sofa_std > q0.65 (0.7994),1,sofa_std,"severity,severity",1,4202,0.3320426708810747,0.4264635887672537,0.4512137077582104,-0.024750118990956693,-0.045963225656551025,-0.003537012325362361,0.022207221746340423,16.04372891524753,8.100618752974773,7.8,sofa_std,sofa,severity,>,0.7994080650317895,0.65
R516,sbp_max > q0.65 (143),1,sbp_max,"perfusion,perfusion",1,4308,0.3404188067957329,0.40552460538532964,0.42920148560817084,-0.0236768802228412,-0.04449608061727499,-0.0028576798284074105,0.025811707502637574,15.540404701068116,8.670868152274837,7.95,sbp_max,sbp,perfusion,>,143.0,0.65
R601,spo2_slope <= q0.20 (-0.001753),1,spo2_slope,"respiratory,respiratory",1,2499,0.19747135519557488,0.43537414965986393,0.40456182472989194,0.03081232492997199,0.0034589868726289524,0.05816566298731503,0.027254503280729297,15.403080924308108,9.622288915566227,8.6,spo2_slope,spo2,respiratory,<=,-0.001753454530423122,0.2
R246,heart_rate_std > q0.65 (8.572),1,heart_rate_std,"perfusion,perfusion",1,4429,0.34998024496246544,0.4165725897493791,0.43960261910137727,-0.02303002935199816,-0.043633086850655936,-0.002426971853340381,0.02846036877815983,15.326653235145006,8.823255813953487,8.0,heart_rate_std,heart_rate,perfusion,>,8.571647265538683,0.65
R562,sofa_delta > q0.80 (2.625),1,sofa_delta,"severity,severity",1,2418,0.19107072303437375,0.47808105872622003,0.44706368899917287,0.03101736972704716,0.0029253755820208525,0.05910936387207347,0.03045623812921583,15.252221902164086,9.595822994210092,8.7,sofa_delta,sofa,severity,>,2.6253032928942805,0.8
R557,sodium_std > q0.65 (1.336),1,sodium_std,"other,other",1,4429,0.34998024496246544,0.45495597200270943,0.43237751185369155,0.022578460149017876,0.0018912452062555991,0.043265675091780156,0.03242068071419814,15.02613062269123,7.984330548656581,7.7,sodium_std,sodium,other,>,1.3363336819125213,0.65
R590,spo2_max <= q0.20 (98),1,spo2_max,"respiratory,respiratory",1,2677,0.21153694192018965,0.40829286514755325,0.43705640642510274,-0.028763541277549487,-0.05521661615644099,-0.0023104663986579857,0.033073454370121325,14.88217953920497,10.756481135599552,10.4,spo2_max,spo2,respiratory,<=,98.0,0.2
R383,phosphorus_min <= q0.20 (2.8),1,phosphorus_min,"other,other",1,2541,0.20079020150138285,0.4163715072805982,0.4458874458874459,-0.029515938606847703,-0.05673583010155504,-0.0022960471121403585,0.03355912444299538,14.878492516090395,7.935773317591501,7.6,phosphorus_min,phosphorus,other,<=,2.8,0.2
R197,glucose_lab_std > q0.65 (14.92),1,glucose_lab_std,"other,other",1,4429,0.34998024496246544,0.4675999096861594,0.44524723413863176,0.022352675547527623,0.001611984817644796,0.04309336627741045,0.034657903060871624,14.87586931646427,8.107834725671708,7.7,glucose_lab_std,glucose_lab,other,>,14.924993617562896,0.65
R475,resp_rate_max > q0.80 (30),1,resp_rate_max,"respiratory,respiratory",1,2245,0.1774002370604504,0.4930957683741648,0.4619153674832962,0.031180400890868598,0.0019737806139642454,0.06038702116777295,0.03639768902754433,14.773720121759455,8.019376391982183,7.5,resp_rate_max,resp_rate,respiratory,>,30.0,0.8
R264,hemoglobin_std <= q0.35 (0.7666),1,hemoglobin_std,"anemia,anemia",1,4429,0.34998024496246544,0.40889591329871305,0.43102280424475053,-0.02212689094603748,-0.04267831565637076,-0.0015754662357042037,0.0348365670434777,14.72560801023738,11.715037254459245,14.0,hemoglobin_std,hemoglobin,anemia,<=,0.766584936645271,0.35
R217,glucose_vital_std <= q0.35 (12.49),1,glucose_vital_std,"other,other",1,4430,0.3500592651126037,0.4142212189616253,0.39209932279909704,0.022121896162528243,0.0016985689390258962,0.04254522338603059,0.033753060874052256,14.723945883925852,10.907020316027088,11.4,glucose_vital_std,glucose_vital,other,<=,12.489441907849615,0.35
R424,potassium_median > q0.80 (4.3),1,potassium_median,"other,other",1,2435,0.1924140655867246,0.45790554414784396,0.42874743326488707,0.02915811088295689,0.0012650224179579748,0.0570511993479558,0.04047277665704934,14.388279510386011,8.008213552361397,7.7,potassium_median,potassium,other,>,4.3,0.8
R183,dbp_std > q0.80 (12.41),1,dbp_std,"perfusion,perfusion",1,2530,0.1999209798498617,0.4324110671936759,0.4039525691699605,0.028458498023715417,0.0012874588974050652,0.05562953715002577,0.04008502648573995,14.314369904775798,8.817747035573124,8.1,dbp_std,dbp,perfusion,>,12.411423440777158,0.8
R361,mbp_std > q0.80 (12.69),1,mbp_std,"perfusion,perfusion",1,2531,0.2,0.43500592651126035,0.4065586724614777,0.028447254049782655,0.0012581863904610573,0.05563632170910425,0.04029618213018914,14.311541816255675,8.814065586724615,8.1,mbp_std,mbp,perfusion,>,12.692352673285832,0.8
R199,glucose_vital_max <= q0.20 (90),1,glucose_vital_max,"other,other",1,2541,0.20079020150138285,0.4151908697363243,0.3868555686737505,0.028335301062573814,0.0013965809344573844,0.05527402119069025,0.03924468568563916,14.283352815446786,12.661157024793388,14.0,glucose_vital_max,glucose_vital,other,<=,90.0,0.2
R455,ptt_median > q0.35 (30),1,ptt_median,"organ_failure,organ_failure",1,4485,0.3544053733702094,0.42519509476031214,0.4463768115942029,-0.02118171683389075,-0.041700392344625824,-0.0006630413231556789,0.04303856709130654,14.18542596899939,8.155094760312151,7.9,ptt_median,ptt,organ_failure,>,30.0,0.35
R456,ptt_median > q0.50 (30),1,ptt_median,"organ_failure,organ_failure",1,4485,0.3544053733702094,0.42519509476031214,0.4463768115942029,-0.02118171683389075,-0.041700392344625824,-0.0006630413231556789,0.04303856709130654,14.18542596899939,8.155094760312151,7.9,ptt_median,ptt,organ_failure,>,30.0,0.5
R220,heart_rate_delta <= q0.20 (-7.184),1,heart_rate_delta,"perfusion,perfusion",1,2531,0.2,0.4440932437771632,0.4160410904780719,0.028052153299091276,0.000785576261865005,0.05531873033631755,0.043750906334936855,14.112770402141036,8.926234689845911,7.9,heart_rate_delta,heart_rate,perfusion,<=,-7.184169920201105,0.2
R202,glucose_vital_max > q0.80 (209),1,glucose_vital_max,"other,other",1,2492,0.19691821414460686,0.42897271268057785,0.4570626003210273,-0.02808988764044945,-0.05566102104899216,-0.0005187542319067366,0.04583847688778922,14.022453903762573,8.255939004815408,7.8,glucose_vital_max,glucose_vital,other,>,209.0,0.8
R281,lactate_min > q0.50 (1.2),1,lactate_min,"perfusion,perfusion",1,740,0.05847491110233109,0.4783783783783784,0.5297297297297298,-0.05135135135135138,-0.10223023042716915,-0.0004724722755336114,0.04790603778487108,13.969077819782356,7.819459459459459,7.3,lactate_min,lactate,perfusion,>,1.2,0.5
R280,lactate_min > q0.35 (1.2),1,lactate_min,"perfusion,perfusion",1,740,0.05847491110233109,0.4783783783783784,0.5297297297297298,-0.05135135135135138,-0.10223023042716915,-0.0004724722755336114,0.04790603778487108,13.969077819782356,7.819459459459459,7.3,lactate_min,lactate,perfusion,>,1.2,0.35
R282,lactate_min > q0.65 (1.2),1,lactate_min,"perfusion,perfusion",1,740,0.05847491110233109,0.4783783783783784,0.5297297297297298,-0.05135135135135138,-0.10223023042716915,-0.0004724722755336114,0.04790603778487108,13.969077819782356,7.819459459459459,7.3,lactate_min,lactate,perfusion,>,1.2,0.65
R283,lactate_min > q0.80 (1.2),1,lactate_min,"perfusion,perfusion",1,740,0.05847491110233109,0.4783783783783784,0.5297297297297298,-0.05135135135135138,-0.10223023042716915,-0.0004724722755336114,0.04790603778487108,13.969077819782356,7.819459459459459,7.3,lactate_min,lactate,perfusion,>,1.2,0.8
R279,lactate_min > q0.20 (1.2),1,lactate_min,"perfusion,perfusion",1,740,0.05847491110233109,0.4783783783783784,0.5297297297297298,-0.05135135135135138,-0.10223023042716915,-0.0004724722755336114,0.04790603778487108,13.969077819782356,7.819459459459459,7.3,lactate_min,lactate,perfusion,>,1.2,0.2
R274,lactate_mean <= q0.35 (1.2),1,lactate_mean,"perfusion,perfusion",1,4530,0.35796128012643225,0.38830022075055187,0.40905077262693157,-0.020750551876379697,-0.04091046537221214,-0.0005906383805472475,0.043651345023680455,13.966215938398248,10.498984547461369,9.6,lactate_mean,lactate,perfusion,<=,1.2000000000000006,0.35
R189,glucose_lab_median > q0.80 (138),1,glucose_lab_median,"other,other",1,2515,0.19873567759778743,0.47077534791252484,0.4437375745526839,0.027037773359840922,-0.0004867216556794819,0.05456226837536132,0.05418672502267209,13.559382686793601,8.072882703777337,7.7,glucose_lab_median,glucose_lab,other,>,138.0,0.8
R206,glucose_vital_mean > q0.80 (156),1,glucose_vital_mean,"other,other",1,2529,0.19984195969972343,0.4361407671016212,0.46302886516409647,-0.026888098062475274,-0.05429683444359082,0.0005206383186402673,0.05450905060124029,13.521799688829581,8.348438117833135,7.8,glucose_vital_mean,glucose_vital,other,>,156.0,0.8
R599,spo2_min <= q0.20 (92),1,spo2_min,"respiratory,respiratory",1,3210,0.2536546819438957,0.473208722741433,0.44953271028037384,0.02367601246105916,-0.0007058040370671453,0.048057828959185464,0.05700636882868758,13.414085682745931,8.277165109034268,7.7,spo2_min,spo2,respiratory,<=,92.0,0.2
R546,sodium_mean > q0.50 (140),1,sodium_mean,"other,other",1,2980,0.23548004741209008,0.4053691275167785,0.4298657718120805,-0.024496644295302017,-0.04953019469451147,0.0005369061039074349,0.05511570593936701,13.372565324413443,8.16486577181208,7.8,sodium_mean,sodium,other,>,140.0,0.5
R547,sodium_mean > q0.65 (140),1,sodium_mean,"other,other",1,2980,0.23548004741209008,0.4053691275167785,0.4298657718120805,-0.024496644295302017,-0.04953019469451147,0.0005369061039074349,0.05511570593936701,13.372565324413443,8.16486577181208,7.8,sodium_mean,sodium,other,>,140.0,0.65
R273,lactate_mean <= q0.20 (1.2),1,lactate_mean,"perfusion,perfusion",1,3206,0.2533386013433426,0.3951965065502183,0.4185901434809732,-0.023393636930754858,-0.04743576236387687,0.0006484885023671574,0.05650337991816459,13.245839987734321,9.538271990018716,8.3,lactate_mean,lactate,perfusion,<=,1.1999999999999997,0.2
R581,sofa_slope > q0.80 (0.002915),1,sofa_slope,"severity,severity",1,2410,0.1904385618332675,0.4298755186721992,0.4029045643153527,0.026970954356846488,-0.0008525287891599197,0.0547944375028529,0.057440418629692236,13.240513710559053,8.737302904564316,8.2,sofa_slope,sofa,severity,>,0.0029145620341043395,0.8
R406,platelets_min > q0.65 (232),1,platelets_min,"organ_failure,organ_failure",1,4426,0.34974318451205055,0.4222774514234071,0.40239493899683687,0.019882512426570242,-0.0006228279817623687,0.04038785283490286,0.05737185150139923,13.227475547277264,11.3741979213737,14.0,platelets_min,platelets,organ_failure,>,232.0,0.65
R258,hemoglobin_min <= q0.35 (7.6),1,hemoglobin_min,"anemia,anemia",1,4514,0.35669695772421967,0.43686309260079753,0.45635799734160387,-0.01949490474080634,-0.040001177183404193,0.0010113677017915094,0.06241543590595928,13.097906768606022,6.83628710677891,6.9,hemoglobin_min,hemoglobin,anemia,<=,7.6,0.35
R397,platelets_mean > q0.65 (250),1,platelets_mean,"organ_failure,organ_failure",1,1975,0.1560647965231134,0.4587341772151899,0.4293670886075949,0.02936708860759496,-0.0016093621292553734,0.06034353934444529,0.06314495834812896,13.051019650741887,7.910582278481013,7.6,platelets_mean,platelets,organ_failure,>,250.0,0.65
R398,platelets_mean > q0.80 (250),1,platelets_mean,"organ_failure,organ_failure",1,1975,0.1560647965231134,0.4587341772151899,0.4293670886075949,0.02936708860759496,-0.0016093621292553734,0.06034353934444529,0.06314495834812896,13.051019650741887,7.910582278481013,7.6,platelets_mean,platelets,organ_failure,>,250.0,0.8
R450,ptt_max > q0.80 (44.2),1,ptt_max,"organ_failure,organ_failure",1,2519,0.1990517581983406,0.4799523620484319,0.45414847161572053,0.025803890432711363,-0.00174072201217609,0.05334850287759882,0.06633770228611052,12.95087980843864,8.160262008733625,7.8,ptt_max,ptt,organ_failure,>,44.2,0.8
R629,temperature_std > q0.80 (0.4653),1,temperature_std,"metabolic,metabolic",1,2531,0.2,0.41248518372184906,0.4381667325167918,-0.02568154879494272,-0.05291170902435729,0.0015486114344718457,0.06452535008620656,12.920141917453062,8.469458711971553,7.9,temperature_std,temperature,metabolic,>,0.46527177923429297,0.8
R457,ptt_median > q0.65 (30.2),1,ptt_median,"organ_failure,organ_failure",1,4391,0.34697747925721056,0.427465269870189,0.44682304714188115,-0.019357777271692134,-0.04010297538630539,0.0013874208429211221,0.06741205790427376,12.827357748553808,8.153746299248464,7.9,ptt_median,ptt,organ_failure,>,30.2,0.65
R613,temperature_max > q0.80 (37.6),1,temperature_max,"metabolic,metabolic",1,2500,0.19755037534571315,0.414,0.4396,-0.02560000000000001,-0.05301074792809567,0.00181074792809564,0.06717179543163787,12.800000000000008,8.108239999999999,7.6,temperature_max,temperature,metabolic,>,37.6,0.8
R488,resp_rate_slope > q0.65 (0.0019),1,resp_rate_slope,"respiratory,respiratory",1,4372,0.34547609640458316,0.39524245196706315,0.41445562671546204,-0.019213174748398898,-0.03978666293534126,0.0013603134385434673,0.06718935076727674,12.703962684396972,9.523947849954254,8.6,resp_rate_slope,resp_rate,respiratory,>,0.001899992082199837,0.65
R623,temperature_min <= q0.20 (36),1,temperature_min,"metabolic,metabolic",1,2678,0.21161596207032793,0.4144884241971621,0.43876026885735625,-0.024271844660194164,-0.05075547050286982,0.002211781182481491,0.07244514673966226,12.560533041685055,8.863405526512322,8.3,temperature_min,temperature,metabolic,<=,36.0,0.2
R262,hemoglobin_slope > q0.65 (-0.0008824),1,hemoglobin_slope,"anemia,anemia",1,4372,0.34547609640458316,0.4178865507776761,0.43687099725526074,-0.018984446477584627,-0.0397188346652682,0.0017499417100989498,0.0727206670709201,12.552725033392248,11.313266239707229,14.0,hemoglobin_slope,hemoglobin,anemia,>,-0.0008823525652030598,0.65
R373,phosphorus_mean <= q0.20 (3.31),1,phosphorus_mean,"other,other",1,2531,0.2,0.420782299486369,0.4456736467799289,-0.02489134729355985,-0.0521842935276922,0.002401598940572496,0.07385139148897134,12.52259908922373,7.979178190438562,7.6,phosphorus_mean,phosphorus,other,<=,3.3104130560369796,0.2
R88,bilirubin_total_mean <= q0.20 (0.7),1,bilirubin_total_mean,"organ_failure,organ_failure",1,2533,0.20015804030027656,0.4405842874062377,0.4654559810501382,-0.024871693643900517,-0.052278746058468106,0.00253535877066707,0.07529138073766692,12.517654331246462,7.686814054480852,7.4,bilirubin_total_mean,bilirubin_total,organ_failure,<=,0.6999999999999931,0.2
R186,glucose_lab_mean > q0.65 (114),1,glucose_lab_mean,"other,other",1,4428,0.34990122481232716,0.4631887985546522,0.4444444444444444,0.018744354110207806,-0.0019904404616744135,0.03947914868209003,0.07641955387955551,12.473096612899505,8.04245709123758,7.65,glucose_lab_mean,glucose_lab,other,>,113.99826689774697,0.65
R549,sodium_median <= q0.20 (137),1,sodium_median,"other,other",1,2689,0.21248518372184907,0.46374116772034213,0.43994049832651544,0.02380066939382669,-0.0027941809891333345,0.05039551977678672,0.07941797999559277,12.341972456641228,7.933097805875789,7.6,sodium_median,sodium,other,<=,137.0,0.2
R173,dbp_min <= q0.35 (43),1,dbp_min,"perfusion,perfusion",1,4657,0.36799683919399445,0.4554434185097702,0.4374060554004724,0.01803736310929782,-0.0021513637834006255,0.03822609000199627,0.07992227113370681,12.309096234821695,8.324092763581705,7.8,dbp_min,dbp,perfusion,<=,43.0,0.35
R269,lactate_delta > q0.65 (0.004892),1,lactate_delta,"perfusion,perfusion",1,4429,0.34998024496246544,0.4143147437344773,0.43260329645518175,-0.018288552720704454,-0.038864726967259594,0.0022876215258506895,0.08149256160539015,12.17116580437988,9.444073154210882,8.4,lactate_delta,lactate,perfusion,>,0.004891969831412826,0.65
R378,phosphorus_median <= q0.20 (3.4),1,phosphorus_median,"other,other",1,2542,0.20086922165152113,0.4287962234461054,0.45279307631786,-0.02399685287175457,-0.051284133234564884,0.0032904274910557432,0.08477031272498146,12.098793432309819,7.9613690007867834,7.6,phosphorus_median,phosphorus,other,<=,3.4,0.2
R444,pt_min > q0.80 (12.2),1,pt_min,"organ_failure,organ_failure",1,1242,0.0981430264717503,0.4830917874396135,0.5169082125603864,-0.03381642512077293,-0.07311997836854385,0.005487128126997989,0.0917252409284344,11.917591430622474,7.664573268921095,7.3,pt_min,pt,organ_failure,>,12.2,0.8
R443,pt_min > q0.65 (12.2),1,pt_min,"organ_failure,organ_failure",1,1242,0.0981430264717503,0.4830917874396135,0.5169082125603864,-0.03381642512077293,-0.07311997836854385,0.005487128126997989,0.0917252409284344,11.917591430622474,7.664573268921095,7.3,pt_min,pt,organ_failure,>,12.2,0.65
R442,pt_min > q0.50 (12.2),1,pt_min,"organ_failure,organ_failure",1,1242,0.0981430264717503,0.4830917874396135,0.5169082125603864,-0.03381642512077293,-0.07311997836854385,0.005487128126997989,0.0917252409284344,11.917591430622474,7.664573268921095,7.3,pt_min,pt,organ_failure,>,12.2,0.5
R440,pt_min > q0.20 (12.2),1,pt_min,"organ_failure,organ_failure",1,1242,0.0981430264717503,0.4830917874396135,0.5169082125603864,-0.03381642512077293,-0.07311997836854385,0.005487128126997989,0.0917252409284344,11.917591430622474,7.664573268921095,7.3,pt_min,pt,organ_failure,>,12.2,0.2
R441,pt_min > q0.35 (12.2),1,pt_min,"organ_failure,organ_failure",1,1242,0.0981430264717503,0.4830917874396135,0.5169082125603864,-0.03381642512077293,-0.07311997836854385,0.005487128126997989,0.0917252409284344,11.917591430622474,7.664573268921095,7.3,pt_min,pt,organ_failure,>,12.2,0.35
R458,ptt_median > q0.80 (36),1,ptt_median,"organ_failure,organ_failure",1,2518,0.19897273804820229,0.488880063542494,0.46624305003971406,0.022637013502779968,-0.004947410664495694,0.05022143767005563,0.10773364826651838,11.359180294627151,8.147458300238286,7.85,ptt_median,ptt,organ_failure,>,36.0,0.8
R429,potassium_std > q0.80 (0.325),1,potassium_std,"other,other",1,2531,0.2,0.46147767680758595,0.4393520347688661,0.02212564203871986,-0.005280093124425397,0.04953137720186512,0.11356308749859463,11.131199190421091,7.9948636902410115,7.6,potassium_std,potassium,other,>,0.3249615361854385,0.8
R435,pt_mean <= q0.35 (12.3),1,pt_mean,"organ_failure,organ_failure",1,4429,0.34998024496246544,0.3813501919169113,0.39805825242718446,-0.01670806051027318,-0.03701723349111223,0.0036011124705658676,0.10686113298954225,11.119336660791479,11.285256265522692,14.0,pt_mean,pt,organ_failure,<=,12.304714285714283,0.35
R492,resp_rate_std > q0.65 (3.271),1,resp_rate_std,"respiratory,respiratory",1,4429,0.34998024496246544,0.4522465567848273,0.4355384962745541,0.01670806051027318,-0.0039826360224042255,0.03739875704295059,0.11348287996110767,11.119336660791479,8.41169564235719,7.8,resp_rate_std,resp_rate,respiratory,>,3.27093032485983,0.65
R615,temperature_mean <= q0.35 (36.83),1,temperature_mean,"metabolic,metabolic",1,4430,0.3500592651126037,0.43927765237020316,0.42257336343115126,0.016704288939051903,-0.0039159212508422594,0.037324499128946066,0.11233555814197581,11.118081585821539,8.945417607223478,8.2,temperature_mean,temperature,metabolic,<=,36.8253674121407,0.35
R596,spo2_median > q0.35 (98),1,spo2_median,"respiratory,respiratory",1,4087,0.32295535361517186,0.3939319794470272,0.41105945681428924,-0.017127477367262056,-0.03838700766187143,0.004132052927347321,0.11432465011273975,10.94953613496181,9.078859799363837,8.2,spo2_median,spo2,respiratory,>,98.0,0.35
R597,spo2_median > q0.50 (98),1,spo2_median,"respiratory,respiratory",1,4087,0.32295535361517186,0.3939319794470272,0.41105945681428924,-0.017127477367262056,-0.03838700766187143,0.004132052927347321,0.11432465011273975,10.94953613496181,9.078859799363837,8.2,spo2_median,spo2,respiratory,>,98.0,0.5
R598,spo2_median > q0.65 (98),1,spo2_median,"respiratory,respiratory",1,4087,0.32295535361517186,0.3939319794470272,0.41105945681428924,-0.017127477367262056,-0.03838700766187143,0.004132052927347321,0.11432465011273975,10.94953613496181,9.078859799363837,8.2,spo2_median,spo2,respiratory,>,98.0,0.65
R266,hemoglobin_std > q0.80 (2.433),1,hemoglobin_std,"anemia,anemia",1,2531,0.2,0.4073488739628605,0.429079415250889,-0.021730541288028482,-0.0489012238967389,0.005440141320681938,0.11698225725135519,10.93242777630645,7.159186092453576,7.1,hemoglobin_std,hemoglobin,anemia,>,2.4325605545093865,0.8
R388,platelets_delta > q0.65 (-22.86),1,platelets_delta,"organ_failure,organ_failure",1,4428,0.34990122481232716,0.4164408310749774,0.4327009936766034,-0.016260162601625994,-0.03684652103898621,0.004326195835734226,0.12159615001007268,10.820035616009172,8.816056910569106,7.9,platelets_delta,platelets,organ_failure,>,-22.85525523310838,0.65
R160,dbp_max > q0.20 (80),1,dbp_max,"perfusion,perfusion",1,4135,0.32674832082180955,0.41257557436517533,0.4290205562273277,-0.016444981862152375,-0.03772269437898884,0.0048327306546840955,0.1298148991683243,10.574775489940023,8.6770253929867,7.9,dbp_max,dbp,perfusion,>,80.0,0.2
R161,dbp_max > q0.35 (80),1,dbp_max,"perfusion,perfusion",1,4135,0.32674832082180955,0.41257557436517533,0.4290205562273277,-0.016444981862152375,-0.03772269437898884,0.0048327306546840955,0.1298148991683243,10.574775489940023,8.6770253929867,7.9,dbp_max,dbp,perfusion,>,80.0,0.35
R162,dbp_max > q0.50 (80),1,dbp_max,"perfusion,perfusion",1,4135,0.32674832082180955,0.41257557436517533,0.4290205562273277,-0.016444981862152375,-0.03772269437898884,0.0048327306546840955,0.1298148991683243,10.574775489940023,8.6770253929867,7.9,dbp_max,dbp,perfusion,>,80.0,0.5
R163,dbp_max > q0.65 (80),1,dbp_max,"perfusion,perfusion",1,4135,0.32674832082180955,0.41257557436517533,0.4290205562273277,-0.016444981862152375,-0.03772269437898884,0.0048327306546840955,0.1298148991683243,10.574775489940023,8.6770253929867,7.9,dbp_max,dbp,perfusion,>,80.0,0.65
R342,magnesium_std > q0.65 (0.1072),1,magnesium_std,"other,other",1,4429,0.34998024496246544,0.4233461277940844,0.43892526529690673,-0.015579137502822304,-0.0362032767408341,0.005045001735189493,0.1387260083697063,10.36803012965693,8.121020546398736,7.8,magnesium_std,magnesium,other,>,0.10719271125911922,0.65
R216,glucose_vital_std <= q0.20 (1.85),1,glucose_vital_std,"other,other",1,2532,0.2000790201501383,0.405608214849921,0.38507109004739337,0.020537124802527618,-0.006389650507619027,0.04746390011267426,0.13494123828678006,10.334072235723122,12.718285939968405,14.0,glucose_vital_std,glucose_vital,other,<=,1.8497263590341584,0.2
R159,dbp_delta > q0.80 (4.206),1,dbp_delta,"perfusion,perfusion",1,2530,0.1999209798498617,0.4134387351778656,0.433201581027668,-0.01976284584980237,-0.04698520738439501,0.007459515684790273,0.15476003794968327,9.9405346560943,8.622213438735178,7.7,dbp_delta,dbp,perfusion,>,4.206143007785336,0.8
R436,pt_mean > q0.65 (13.99),1,pt_mean,"organ_failure,organ_failure",1,4429,0.34998024496246544,0.4524723413863175,0.43757055768796566,0.014901783698351823,-0.005794767594537266,0.03559833499124091,0.1581782032406535,9.917246210976229,8.107383156468728,7.8,pt_mean,pt,organ_failure,>,13.987578828828834,0.65
R226,heart_rate_max > q0.65 (104),1,heart_rate_max,"perfusion,perfusion",1,4292,0.33915448439352036,0.4552656104380242,0.440354147250699,0.014911463187325225,-0.0061255240521326144,0.03594845042678306,0.16474470132371655,9.769000173962596,8.619478098788445,7.8,heart_rate_max,heart_rate,perfusion,>,104.0,0.65
R270,lactate_delta > q0.80 (0.2686),1,lactate_delta,"perfusion,perfusion",1,2530,0.1999209798498617,0.45019762845849803,0.43122529644268776,0.018972332015810278,-0.008382033758900533,0.04632669779052109,0.17401702392024468,9.542913269850532,9.839446640316206,8.8,lactate_delta,lactate,perfusion,>,0.2686373892286096,0.8
R449,ptt_max > q0.65 (34.7),1,ptt_max,"organ_failure,organ_failure",1,4403,0.34792572105887,0.44106291165114697,0.4551442198501022,-0.014081308198955256,-0.034852967493619894,0.006690351095709382,0.18394600577449857,9.343666883698422,8.18196684079037,7.9,ptt_max,ptt,organ_failure,>,34.7,0.65
R252,hemoglobin_mean <= q0.20 (8.833),1,hemoglobin_mean,"anemia,anemia",1,2531,0.2,0.49466613986566577,0.4760964045831687,0.018569735282497057,-0.008962047906933474,0.04610151847192759,0.18617221751749602,9.342256463389145,6.936586329514026,6.9,hemoglobin_mean,hemoglobin,anemia,<=,8.833242009132421,0.2
R431,pt_max <= q0.35 (12.8),1,pt_max,"organ_failure,organ_failure",1,4483,0.35424733306993283,0.385010037921035,0.3988400624581753,-0.013830024537140329,-0.034038018048598934,0.006377968974318277,0.17979309701801358,9.259921820958866,11.243163060450593,14.0,pt_max,pt,organ_failure,<=,12.8,0.35
R416,potassium_max > q0.80 (4.7),1,potassium_max,"other,other",1,2366,0.18696167522718293,0.44970414201183434,0.43110735418427726,0.018596787827557082,-0.009687849656793028,0.04688142531190719,0.1975111104443288,9.04576511088207,8.028233305156384,7.7,potassium_max,potassium,other,>,4.7,0.8
R414,platelets_std > q0.80 (53.76),1,platelets_std,"organ_failure,organ_failure",1,2530,0.1999209798498617,0.4098814229249012,0.4276679841897233,-0.017786561264822087,-0.044969894666595234,0.009396772136951063,0.1996797504794297,8.946481190484848,7.974466403162056,7.7,platelets_std,platelets,organ_failure,>,53.76227664897888,0.8
R554,sodium_min <= q0.20 (135),1,sodium_min,"other,other",1,2762,0.2182536546819439,0.4688631426502534,0.4522085445329471,0.016654598117306296,-0.009630622730280654,0.042939818964893246,0.21428193187468414,8.75277963504217,7.9007965242577844,7.6,sodium_min,sodium,other,<=,135.0,0.2
R227,heart_rate_max > q0.80 (116),1,heart_rate_max,"perfusion,perfusion",1,2416,0.1909126827340972,0.46978476821192056,0.4519867549668874,0.017798013245033162,-0.010307429478488516,0.04590345596855484,0.21453673099151277,8.748225931789989,8.536423841059603,7.8,heart_rate_max,heart_rate,perfusion,>,116.0,0.8
R257,hemoglobin_min <= q0.20 (7),1,hemoglobin_min,"anemia,anemia",1,2765,0.21849071513235876,0.47956600361663654,0.4629294755877034,0.016636528028933117,-0.009673054166016846,0.04294611022388308,0.21520445342316707,8.748030002983096,6.510198915009042,6.7,hemoglobin_min,hemoglobin,anemia,<=,7.0,0.2
R484,resp_rate_min > q0.65 (16),1,resp_rate_min,"respiratory,respiratory",1,657,0.051916238640853415,0.4961948249619482,0.4627092846270928,0.0334855403348554,-0.02050868474851482,0.08747976541822562,0.22416359995398522,8.583017461049574,9.326179604261794,7.8,resp_rate_min,resp_rate,respiratory,>,16.0,0.65
R485,resp_rate_min > q0.80 (16),1,resp_rate_min,"respiratory,respiratory",1,657,0.051916238640853415,0.4961948249619482,0.4627092846270928,0.0334855403348554,-0.02050868474851482,0.08747976541822562,0.22416359995398522,8.583017461049574,9.326179604261794,7.8,resp_rate_min,resp_rate,respiratory,>,16.0,0.8
R432,pt_max > q0.65 (15.8),1,pt_max,"organ_failure,organ_failure",1,4323,0.3416041090478072,0.42863752024057367,0.4415914873930141,-0.01295396715244046,-0.0338528647365326,0.007944930431651683,0.22440961922377992,8.517171834222127,8.066620402498264,7.8,pt_max,pt,organ_failure,>,15.8,0.65
R412,platelets_std <= q0.35 (15.15),1,platelets_std,"organ_failure,organ_failure",1,4429,0.34998024496246544,0.4127342515240461,0.42537818920749604,-0.012643937683449957,-0.0331927050471824,0.007904829680282485,0.2278117783374016,8.414633148707054,11.451614359900654,14.0,platelets_std,platelets,organ_failure,<=,15.154667308744774,0.35
R517,sbp_max > q0.80 (155),1,sbp_max,"perfusion,perfusion",1,2507,0.19810351639668117,0.4172317510969286,0.43398484244116475,-0.016753091344236137,-0.04412094189040462,0.010614759201932347,0.23021543515578774,8.388264638516823,8.616992421220582,7.9,sbp_max,sbp,perfusion,>,155.0,0.8
R607,spo2_std > q0.65 (1.507),1,spo2_std,"respiratory,respiratory",1,4429,0.34998024496246544,0.4558591104086701,0.4434409573267103,0.012418153081959815,-0.00829952994553607,0.033135836109455696,0.24006612524061943,8.264371842480166,8.368457891171822,7.8,spo2_std,spo2,respiratory,>,1.5074401492716691,0.65
R463,ptt_min > q0.80 (30),1,ptt_min,"organ_failure,organ_failure",1,784,0.06195179770841565,0.5599489795918368,0.5306122448979592,0.029336734693877542,-0.019935957038056527,0.07860942642581162,0.24322046105639056,8.214285714285712,7.65841836734694,7.3,ptt_min,ptt,organ_failure,>,30.0,0.8
R462,ptt_min > q0.65 (30),1,ptt_min,"organ_failure,organ_failure",1,784,0.06195179770841565,0.5599489795918368,0.5306122448979592,0.029336734693877542,-0.019935957038056527,0.07860942642581162,0.24322046105639056,8.214285714285712,7.65841836734694,7.3,ptt_min,ptt,organ_failure,>,30.0,0.65
R461,ptt_min > q0.50 (30),1,ptt_min,"organ_failure,organ_failure",1,784,0.06195179770841565,0.5599489795918368,0.5306122448979592,0.029336734693877542,-0.019935957038056527,0.07860942642581162,0.24322046105639056,8.214285714285712,7.65841836734694,7.3,ptt_min,ptt,organ_failure,>,30.0,0.5
R460,ptt_min > q0.35 (30),1,ptt_min,"organ_failure,organ_failure",1,784,0.06195179770841565,0.5599489795918368,0.5306122448979592,0.029336734693877542,-0.019935957038056527,0.07860942642581162,0.24322046105639056,8.214285714285712,7.65841836734694,7.3,ptt_min,ptt,organ_failure,>,30.0,0.35
R336,magnesium_median > q0.35 (2),1,magnesium_median,"other,other",1,2587,0.20442512840774396,0.4739080015461925,0.4580595284112872,0.015848473134905283,-0.011333481029225531,0.0430304272990361,0.25312973433148256,8.06093914212926,7.787475840742174,7.5,magnesium_median,magnesium,other,>,2.0,0.35
R337,magnesium_median > q0.50 (2),1,magnesium_median,"other,other",1,2587,0.20442512840774396,0.4739080015461925,0.4580595284112872,0.015848473134905283,-0.011333481029225531,0.0430304272990361,0.25312973433148256,8.06093914212926,7.787475840742174,7.5,magnesium_median,magnesium,other,>,2.0,0.5
R338,magnesium_median > q0.65 (2),1,magnesium_median,"other,other",1,2587,0.20442512840774396,0.4739080015461925,0.4580595284112872,0.015848473134905283,-0.011333481029225531,0.0430304272990361,0.25312973433148256,8.06093914212926,7.787475840742174,7.5,magnesium_median,magnesium,other,>,2.0,0.65
R418,potassium_mean > q0.65 (4.087),1,potassium_mean,"other,other",1,4429,0.34998024496246544,0.4154436667419282,0.42741025062090765,-0.011966583878979475,-0.03253148368592766,0.008598315927968714,0.25407327093087795,7.963849230026353,8.156536464213142,7.8,potassium_mean,potassium,other,>,4.086502526265117,0.65
R464,ptt_std <= q0.20 (0),1,ptt_std,"organ_failure,organ_failure",1,3540,0.27973133148952983,0.4053672316384181,0.392090395480226,0.013276836158192085,-0.009532021032384076,0.036085693348768245,0.2539120193061144,7.899438584070564,12.024011299435028,14.0,ptt_std,ptt,organ_failure,<=,0.0,0.2
R403,platelets_median > q0.80 (250),1,platelets_median,"organ_failure,organ_failure",1,1653,0.13062030817858553,0.4513006654567453,0.4319419237749546,0.019358741681790692,-0.014489923790353437,0.05320740715393482,0.26230320847673416,7.870703487092513,7.827646702964307,7.5,platelets_median,platelets,organ_failure,>,250.0,0.8
R402,platelets_median > q0.65 (250),1,platelets_median,"organ_failure,organ_failure",1,1653,0.13062030817858553,0.4513006654567453,0.4319419237749546,0.019358741681790692,-0.014489923790353437,0.05320740715393482,0.26230320847673416,7.870703487092513,7.827646702964307,7.5,platelets_median,platelets,organ_failure,>,250.0,0.65
R401,platelets_median > q0.50 (250),1,platelets_median,"organ_failure,organ_failure",1,1653,0.13062030817858553,0.4513006654567453,0.4319419237749546,0.019358741681790692,-0.014489923790353437,0.05320740715393482,0.26230320847673416,7.870703487092513,7.827646702964307,7.5,platelets_median,platelets,organ_failure,>,250.0,0.5
R580,sofa_slope > q0.65 (0.001247),1,sofa_slope,"severity,severity",1,4217,0.33322797313314895,0.42162674887360685,0.40953284325349776,0.012093905620109091,-0.00894031366966409,0.033128124909882276,0.2597728365889937,7.853592723241791,8.542802940479014,8.1,sofa_slope,sofa,severity,>,0.001247383590998651,0.65
R365,nee_mcgkgmin_mean > q0.80 (0.003117),1,nee_mcgkgmin_mean,"perfusion,perfusion",1,2530,0.1999209798498617,0.42727272727272725,0.4422924901185771,-0.015019762845849827,-0.04233498948038067,0.012295463788681012,0.2811494293271065,7.554806338631682,8.762766798418971,8.2,nee_mcgkgmin_mean,nee_mcgkgmin,perfusion,>,0.003116883116883117,0.8
R247,heart_rate_std > q0.80 (11.2),1,heart_rate_std,"perfusion,perfusion",1,2531,0.2,0.4310549190043461,0.4460687475306203,-0.015013828526274198,-0.042350250860951566,0.012322593808403174,0.28171277167806946,7.553313736357171,8.900592651126038,8.1,heart_rate_std,heart_rate,perfusion,>,11.198579334578431,0.8
R525,sbp_median > q0.65 (120),1,sbp_median,"perfusion,perfusion",1,2764,0.21841169498222046,0.4037626628075253,0.4178726483357453,-0.01410998552821996,-0.0400462128810969,0.011826241824656986,0.2862920149952206,7.418149604858195,9.19479015918958,8.2,sbp_median,sbp,perfusion,>,120.0,0.65
R524,sbp_median > q0.50 (120),1,sbp_median,"perfusion,perfusion",1,2764,0.21841169498222046,0.4037626628075253,0.4178726483357453,-0.01410998552821996,-0.0400462128810969,0.011826241824656986,0.2862920149952206,7.418149604858195,9.19479015918958,8.2,sbp_median,sbp,perfusion,>,120.0,0.5
R188,glucose_lab_median > q0.65 (110),1,glucose_lab_median,"other,other",1,4391,0.34697747925721056,0.4588931906171715,0.4477340013664313,0.011159189250740165,-0.009663200884262403,0.03198157938574273,0.29353044209786605,7.394594466813367,8.008927351400592,7.6,glucose_lab_median,glucose_lab,other,>,110.0,0.65
R251,hemoglobin_delta > q0.80 (-0.05027),1,hemoglobin_delta,"anemia,anemia",1,2530,0.1999209798498617,0.46284584980237153,0.44861660079051385,0.014229249011857681,-0.013213498707729771,0.04167199673144513,0.3094993240014575,7.157184952387884,7.793636363636364,7.5,hemoglobin_delta,hemoglobin,anemia,>,-0.05026959368388795,0.8
R328,magnesium_max > q0.65 (2.1),1,magnesium_max,"other,other",1,3734,0.2950612406163572,0.4418853776111409,0.45259775040171396,-0.010712372790573077,-0.033265017599616836,0.011840272018470679,0.35185956549169695,6.545952273144999,7.832244242099625,7.6,magnesium_max,magnesium,other,>,2.1,0.65
R335,magnesium_median <= q0.20 (1.9),1,magnesium_median,"other,other",1,2544,0.2010272619517977,0.4437893081761006,0.4308176100628931,0.01297169811320753,-0.014286928428193634,0.0402303246546087,0.35096716745850354,6.542675582174681,8.196147798742139,7.75,magnesium_median,magnesium,other,<=,1.9,0.2
R467,ptt_std > q0.80 (4.768),1,ptt_std,"organ_failure,organ_failure",1,2531,0.2,0.4626629790596602,0.45001975503753455,0.012643224022125643,-0.014797658831572136,0.04008410687582342,0.3664949141072125,6.3606852516691985,8.232437771631766,7.9,ptt_std,ptt,organ_failure,>,4.768267563591751,0.8
R329,magnesium_max > q0.80 (2.3),1,magnesium_max,"other,other",1,2373,0.18751481627815092,0.43784239359460597,0.45048461862621153,-0.012642225031605558,-0.040912629250572374,0.015628179187361254,0.3807630478419365,6.158463695989176,7.837884534344712,7.6,magnesium_max,magnesium,other,>,2.3,0.8
R399,platelets_median <= q0.20 (129),1,platelets_median,"organ_failure,organ_failure",1,2543,0.20094824180165943,0.44121116791191506,0.45340149429807314,-0.012190326386158079,-0.039518463167869916,0.015137810395553754,0.38195390862426437,6.147358115246747,7.957805741250491,7.7,platelets_median,platelets,organ_failure,<=,129.0,0.2
R158,dbp_delta > q0.65 (0.1067),1,dbp_delta,"perfusion,perfusion",1,4429,0.34998024496246544,0.4199593587717318,0.4289907428313389,-0.009031384059607128,-0.029616734513447707,0.01155396639423345,0.3898396185075755,6.010452249076478,8.600632196884172,7.8,dbp_delta,dbp,perfusion,>,0.10672128721495985,0.65
R561,sofa_delta > q0.65 (1.555),1,sofa_delta,"severity,severity",1,4232,0.33441327538522325,0.43643667296786387,0.42722117202268434,0.009215500945179533,-0.011888989591208522,0.03031999148156759,0.3920780381878987,5.995035753538087,9.613161625708884,8.7,sofa_delta,sofa,severity,>,1.554592720970537,0.65
R528,sbp_min <= q0.35 (86),1,sbp_min,"perfusion,perfusion",1,4458,0.3522718293164757,0.42485419470614627,0.4338268281740691,-0.00897263346792282,-0.02952077999943593,0.011575513063590292,0.3920745519699682,5.990870877567903,8.400471063257067,7.9,sbp_min,sbp,perfusion,<=,86.0,0.35
R445,pt_std <= q0.20 (0),1,pt_std,"organ_failure,organ_failure",1,3497,0.2763334650335836,0.4040606233914784,0.3940520446096654,0.010008578781812993,-0.012944162470195232,0.03296132003382122,0.3927388079263021,5.918616876969273,12.067486416928796,14.0,pt_std,pt,organ_failure,<=,0.0,0.2
R423,potassium_median > q0.65 (4),1,potassium_median,"other,other",1,3937,0.3111023310944291,0.4236728473456947,0.4330708661417323,-0.009398018796037577,-0.031257308538170686,0.012461270946095535,0.3994143311556107,5.896835553526907,8.070104140208281,7.8,potassium_median,potassium,other,>,4.0,0.65
R422,potassium_median > q0.50 (4),1,potassium_median,"other,other",1,3937,0.3111023310944291,0.4236728473456947,0.4330708661417323,-0.009398018796037577,-0.031257308538170686,0.012461270946095535,0.3994143311556107,5.896835553526907,8.070104140208281,7.8,potassium_median,potassium,other,>,4.0,0.5
R421,potassium_median > q0.35 (4),1,potassium_median,"other,other",1,3937,0.3111023310944291,0.4236728473456947,0.4330708661417323,-0.009398018796037577,-0.031257308538170686,0.012461270946095535,0.3994143311556107,5.896835553526907,8.070104140208281,7.8,potassium_median,potassium,other,>,4.0,0.35
R420,potassium_median > q0.20 (4),1,potassium_median,"other,other",1,3937,0.3111023310944291,0.4236728473456947,0.4330708661417323,-0.009398018796037577,-0.031257308538170686,0.012461270946095535,0.3994143311556107,5.896835553526907,8.070104140208281,7.8,potassium_median,potassium,other,>,4.0,0.2
R340,magnesium_min <= q0.20 (1.7),1,magnesium_min,"other,other",1,2771,0.21896483603318848,0.4240346445326597,0.4352219415373511,-0.011187297004691399,-0.03725186326745377,0.014877269258070973,0.4002017543459933,5.889025446926103,8.391771923493323,7.9,magnesium_min,magnesium,other,<=,1.7,0.2
R526,sbp_median > q0.80 (122),1,sbp_median,"perfusion,perfusion",1,2451,0.1936783879889372,0.41166870665034677,0.42309261525907793,-0.01142390860873116,-0.03903152339241715,0.016183706174954838,0.4173430958855316,5.6557001427274525,9.2452876376989,8.2,sbp_median,sbp,perfusion,>,122.0,0.8
R219,glucose_vital_std > q0.80 (36.21),1,glucose_vital_std,"other,other",1,2531,0.2,0.42749901224812326,0.4381667325167918,-0.010667720268668524,-0.037964755093782956,0.01662931455644591,0.44369367410305327,5.366828181095892,8.54053733702094,7.9,glucose_vital_std,glucose_vital,other,>,36.207400541321704,0.8
R184,glucose_lab_max > q0.65 (138),1,glucose_lab_max,"other,other",1,4386,0.3465823785065192,0.4573643410852713,0.4496124031007752,0.007751937984496082,-0.013083679393785394,0.02858755536277756,0.4658656447485468,5.133866880557631,8.105335157318741,7.7,glucose_lab_max,glucose_lab,other,>,138.0,0.65
R538,sbp_std > q0.80 (15.27),1,sbp_std,"perfusion,perfusion",1,2531,0.2,0.43342552350849467,0.423548004741209,0.009877518767285653,-0.017386207897369704,0.037141245431941014,0.47764293419489107,4.969285352866558,8.638206242591862,8.0,sbp_std,sbp,perfusion,>,15.265920425545797,0.8
R521,sbp_mean > q0.80 (124.1),1,sbp_mean,"perfusion,perfusion",1,2530,0.1999209798498617,0.40632411067193674,0.4158102766798419,-0.009486166007905139,-0.036599311931439824,0.017626979915629545,0.4928697112272808,4.771456634925266,9.43118577075099,8.3,sbp_mean,sbp,perfusion,>,124.06153846153846,0.8
R389,platelets_delta > q0.80 (-2.347),1,platelets_delta,"organ_failure,organ_failure",1,2531,0.2,0.43224022125642036,0.44172263927301464,-0.009482418016594274,-0.03680979864969399,0.017844962616505443,0.4964367946855695,4.77051393875192,9.06633741604109,7.9,platelets_delta,platelets,organ_failure,>,-2.347382159744928,0.8
R360,mbp_std > q0.65 (10.53),1,mbp_std,"perfusion,perfusion",1,4429,0.34998024496246544,0.4186046511627907,0.41160532851659515,0.0069993226461955715,-0.01352293851136821,0.027521583803759353,0.5038287601877518,4.6581004930343015,8.805486565816212,8.1,mbp_std,mbp,perfusion,>,10.528646742417532,0.65
R43,any_vasopressor_delta > q0.65 (0),1,any_vasopressor_delta,"perfusion,perfusion",1,2376,0.18775187672856578,0.44065656565656564,0.44991582491582494,-0.0092592592592593,-0.03751997198302178,0.01900145346450318,0.5207635845837577,4.51335466924222,9.443813131313131,8.45,any_vasopressor_delta,any_vasopressor,perfusion,>,0.0,0.65
R44,any_vasopressor_delta > q0.80 (0),1,any_vasopressor_delta,"perfusion,perfusion",1,2376,0.18775187672856578,0.44065656565656564,0.44991582491582494,-0.0092592592592593,-0.03751997198302178,0.01900145346450318,0.5207635845837577,4.51335466924222,9.443813131313131,8.45,any_vasopressor_delta,any_vasopressor,perfusion,>,0.0,0.8
R42,any_vasopressor_delta > q0.50 (0),1,any_vasopressor_delta,"perfusion,perfusion",1,2376,0.18775187672856578,0.44065656565656564,0.44991582491582494,-0.0092592592592593,-0.03751997198302178,0.01900145346450318,0.5207635845837577,4.51335466924222,9.443813131313131,8.45,any_vasopressor_delta,any_vasopressor,perfusion,>,0.0,0.5
R41,any_vasopressor_delta > q0.35 (0),1,any_vasopressor_delta,"perfusion,perfusion",1,2376,0.18775187672856578,0.44065656565656564,0.44991582491582494,-0.0092592592592593,-0.03751997198302178,0.01900145346450318,0.5207635845837577,4.51335466924222,9.443813131313131,8.45,any_vasopressor_delta,any_vasopressor,perfusion,>,0.0,0.35
R531,sbp_slope <= q0.20 (-0.04211),1,sbp_slope,"perfusion,perfusion",1,2499,0.19747135519557488,0.4021608643457383,0.4109643857543017,-0.008803521408563442,-0.036038163698512996,0.018431120881386112,0.5263650882933979,4.400880264088039,10.246578631452582,9.3,sbp_slope,sbp,perfusion,<=,-0.04210842178467247,0.2
R286,lactate_std <= q0.20 (0),1,lactate_std,"perfusion,perfusion",1,4904,0.38751481627815093,0.41150081566068514,0.40538336052202284,0.006117455138662298,-0.013338444059890465,0.02557335433721506,0.5377120932173445,4.283966084831536,10.632279771615007,10.0,lactate_std,lactate,perfusion,<=,0.0,0.2
R287,lactate_std <= q0.35 (0),1,lactate_std,"perfusion,perfusion",1,4904,0.38751481627815093,0.41150081566068514,0.40538336052202284,0.006117455138662298,-0.013338444059890465,0.02557335433721506,0.5377120932173445,4.283966084831536,10.632279771615007,10.0,lactate_std,lactate,perfusion,<=,0.0,0.35
R446,pt_std <= q0.35 (0.2236),1,pt_std,"organ_failure,organ_failure",1,4429,0.34998024496246544,0.3955746218107925,0.40167080605102734,-0.0060961842402348365,-0.026488396556089096,0.014296028075619423,0.5579188602715979,4.057055268126639,11.278482727477986,14.0,pt_std,pt,organ_failure,<=,0.22360679774997852,0.35
R527,sbp_min <= q0.20 (80),1,sbp_min,"perfusion,perfusion",1,2760,0.21809561438166733,0.4351449275362319,0.4427536231884058,-0.007608695652173869,-0.03379124907859005,0.01857385777424231,0.5689629931047739,3.997281685041102,8.427898550724638,8.0,sbp_min,sbp,perfusion,<=,80.0,0.2
R545,sodium_mean <= q0.35 (139.3),1,sodium_mean,"other,other",1,4429,0.34998024496246544,0.43057123504177014,0.4364416346805148,-0.005870399638744639,-0.026510218221657333,0.014769418944168056,0.5772095400018732,3.906793961899714,8.035764280876043,7.7,sodium_mean,sodium,other,<=,139.27266425082718,0.35
R90,bilirubin_total_mean > q0.65 (0.7),1,bilirubin_total_mean,"organ_failure,organ_failure",1,4338,0.3427894112998815,0.4276164130935915,0.42208390963577685,0.0055325034578146415,-0.015270588554452576,0.02633559547008186,0.602189444122963,3.6439001493942027,8.364983863531583,8.0,bilirubin_total_mean,bilirubin_total,organ_failure,>,0.7000000000000007,0.65
R417,potassium_mean <= q0.20 (3.92),1,potassium_mean,"other,other",1,2531,0.2,0.42552350849466614,0.4326353220071118,-0.007111813512445664,-0.034380893070175236,0.02015726604528391,0.6092315334123619,3.5778854540639187,8.085499802449625,7.7,potassium_mean,potassium,other,<=,3.9200000000000106,0.2
R330,magnesium_mean <= q0.20 (1.913),1,magnesium_mean,"other,other",1,2531,0.2,0.42591860924535757,0.4188067957329119,0.007111813512445664,-0.020101669866864198,0.03432529689175552,0.6085005437526567,3.5778854540639187,8.339826155669696,7.9,magnesium_mean,magnesium,other,<=,1.9130209895052448,0.2
R334,magnesium_mean > q0.80 (2.099),1,magnesium_mean,"other,other",1,2531,0.2,0.46029237455551164,0.453180561043066,0.007111813512445664,-0.020332479760229838,0.034556106785121166,0.6115184166462067,3.5778854540639187,7.817305412880286,7.6,magnesium_mean,magnesium,other,>,2.0985105824273935,0.8
R325,magnesium_max > q0.20 (2),1,magnesium_max,"other,other",1,4539,0.3586724614776768,0.4432694426085041,0.4485569508702357,-0.005287508261731633,-0.025737771418500113,0.015162754895036847,0.6123183929253997,3.5623054091635455,7.842123815818461,7.6,magnesium_max,magnesium,other,>,2.0,0.2
R326,magnesium_max > q0.35 (2),1,magnesium_max,"other,other",1,4539,0.3586724614776768,0.4432694426085041,0.4485569508702357,-0.005287508261731633,-0.025737771418500113,0.015162754895036847,0.6123183929253997,3.5623054091635455,7.842123815818461,7.6,magnesium_max,magnesium,other,>,2.0,0.35
R327,magnesium_max > q0.50 (2),1,magnesium_max,"other,other",1,4539,0.3586724614776768,0.4432694426085041,0.4485569508702357,-0.005287508261731633,-0.025737771418500113,0.015162754895036847,0.6123183929253997,3.5623054091635455,7.842123815818461,7.6,magnesium_max,magnesium,other,>,2.0,0.5
R256,hemoglobin_median <= q0.35 (9.2),1,hemoglobin_median,"anemia,anemia",1,4551,0.3596207032793362,0.45858053175126345,0.45330696550208743,0.0052735662491760205,-0.015190366519088977,0.025737499017441018,0.613493495214959,3.5576057957596263,7.289452867501649,7.2,hemoglobin_median,hemoglobin,anemia,<=,9.2,0.35
R341,magnesium_min <= q0.35 (1.9),1,magnesium_min,"other,other",1,4652,0.367601738443303,0.4327171109200344,0.4374462596732588,-0.004729148753224388,-0.024876803719167083,0.015418506212718307,0.6454731039330582,3.225542939893001,8.239918314703354,7.8,magnesium_min,magnesium,other,<=,1.9,0.35
R452,ptt_mean > q0.65 (31.92),1,ptt_mean,"organ_failure,organ_failure",1,4429,0.34998024496246544,0.44479566493565137,0.44953714156694513,-0.004741476631293762,-0.025449807212835268,0.015966853950247745,0.6535970009845385,3.1554874307651635,8.169112666516144,7.9,ptt_mean,ptt,organ_failure,>,31.921818774445885,0.65
R548,sodium_mean > q0.80 (140.4),1,sodium_mean,"other,other",1,2531,0.2,0.42117740023706046,0.4271039114974318,-0.005926511260371359,-0.033155427171535995,0.02130240465079328,0.6696678472740748,2.9815712117199182,8.116791781904386,7.8,sodium_mean,sodium,other,>,140.36586380001015,0.8
R624,temperature_min <= q0.35 (36.39),1,temperature_min,"metabolic,metabolic",1,4580,0.3619122876333465,0.4275109170305677,0.4318777292576419,-0.0043668122270741905,-0.02464213427593008,0.0159085098217817,0.6729254422884468,2.9552706228276775,8.849759825327512,8.2,temperature_min,temperature,metabolic,<=,36.39,0.35
R415,potassium_max > q0.65 (4.4),1,potassium_max,"other,other",1,3811,0.30114579217700516,0.4261348727368145,0.43085804250852794,-0.004723169771713442,-0.026942436924674712,0.017496097381247827,0.6769424948327215,2.915768438865501,8.096300183678824,7.8,potassium_max,potassium,other,>,4.4,0.65
R332,magnesium_mean > q0.50 (2),1,magnesium_mean,"other,other",1,3731,0.2948241801659423,0.44009648887697667,0.4446529080675422,-0.0045564191905655416,-0.027094672263870148,0.017981833882739065,0.6919271927832669,2.7831479701879736,7.8547306352184405,7.6,magnesium_mean,magnesium,other,>,2.0,0.5
R333,magnesium_mean > q0.65 (2),1,magnesium_mean,"other,other",1,3731,0.2948241801659423,0.44009648887697667,0.4446529080675422,-0.0045564191905655416,-0.027094672263870148,0.017981833882739065,0.6919271927832669,2.7831479701879736,7.8547306352184405,7.6,magnesium_mean,magnesium,other,>,2.0,0.65
R331,magnesium_mean > q0.35 (2),1,magnesium_mean,"other,other",1,3731,0.2948241801659423,0.44009648887697667,0.4446529080675422,-0.0045564191905655416,-0.027094672263870148,0.017981833882739065,0.6919271927832669,2.7831479701879736,7.8547306352184405,7.6,magnesium_mean,magnesium,other,>,2.0,0.35
R425,potassium_min <= q0.20 (3.6),1,potassium_min,"other,other",1,2564,0.20260766495456342,0.4543681747269891,0.44890795631825275,0.005460218408736339,-0.021781496441801492,0.032701933259274174,0.6944270081841954,2.76483376936677,7.961622464898595,7.6,potassium_min,potassium,other,<=,3.6,0.2
R221,heart_rate_delta <= q0.35 (-2.171),1,heart_rate_delta,"perfusion,perfusion",1,4429,0.34998024496246544,0.41883043576428086,0.4147663129374577,0.004064122826823169,-0.01647050856254101,0.024598754216187346,0.6980793263048882,2.704703512084389,8.92987130277715,8.0,heart_rate_delta,heart_rate,perfusion,<=,-2.170953624854122,0.35
R238,heart_rate_min > q0.50 (70),1,heart_rate_min,"perfusion,perfusion",1,1745,0.1378901619913078,0.45157593123209167,0.45787965616045845,-0.006303724928366783,-0.039344260912187796,0.02673681105545423,0.7084461900429713,2.6332674420201765,8.808653295128941,7.6,heart_rate_min,heart_rate,perfusion,>,70.0,0.5
R237,heart_rate_min > q0.35 (70),1,heart_rate_min,"perfusion,perfusion",1,1745,0.1378901619913078,0.45157593123209167,0.45787965616045845,-0.006303724928366783,-0.039344260912187796,0.02673681105545423,0.7084461900429713,2.6332674420201765,8.808653295128941,7.6,heart_rate_min,heart_rate,perfusion,>,70.0,0.35
R239,heart_rate_min > q0.65 (70),1,heart_rate_min,"perfusion,perfusion",1,1745,0.1378901619913078,0.45157593123209167,0.45787965616045845,-0.006303724928366783,-0.039344260912187796,0.02673681105545423,0.7084461900429713,2.6332674420201765,8.808653295128941,7.6,heart_rate_min,heart_rate,perfusion,>,70.0,0.65
R240,heart_rate_min > q0.80 (70),1,heart_rate_min,"perfusion,perfusion",1,1745,0.1378901619913078,0.45157593123209167,0.45787965616045845,-0.006303724928366783,-0.039344260912187796,0.02673681105545423,0.7084461900429713,2.6332674420201765,8.808653295128941,7.6,heart_rate_min,heart_rate,perfusion,>,70.0,0.8
R489,resp_rate_slope > q0.80 (0.006565),1,resp_rate_slope,"respiratory,respiratory",1,2498,0.19739233504543657,0.41833466773418737,0.41313050440352284,0.005204163330664535,-0.022128481947998407,0.03253680860932748,0.7090100269442023,2.601040624416293,10.34275420336269,9.4,resp_rate_slope,resp_rate,respiratory,>,0.00656493884682586,0.8
R367,nee_mcgkgmin_std > q0.80 (0.01682),1,nee_mcgkgmin_std,"perfusion,perfusion",1,2531,0.2,0.4429079415250889,0.43777163176610034,0.005136309758988544,-0.022214826037175638,0.032487445555152726,0.7128200970289457,2.5840283834906126,8.649032003160805,8.1,nee_mcgkgmin_std,nee_mcgkgmin,perfusion,>,0.016824158252464777,0.8
R404,platelets_min <= q0.20 (100),1,platelets_min,"organ_failure,organ_failure",1,2587,0.20442512840774396,0.46037881716273676,0.45535369153459604,0.005025125628140725,-0.02212612701866953,0.032176378274950984,0.7167880867957975,2.5559075328702665,7.846308465403942,7.6,platelets_min,platelets,organ_failure,<=,100.0,0.2
R428,potassium_std > q0.65 (0.2159),1,potassium_std,"other,other",1,4428,0.34990122481232716,0.43970189701897017,0.43608852755194216,0.0036133694670280048,-0.017052711382977214,0.024279450317033224,0.7318264108974875,2.4044523591131535,8.05,7.7,potassium_std,potassium,other,>,0.21585870311476613,0.65
R390,platelets_max > q0.20 (250),1,platelets_max,"organ_failure,organ_failure",1,2333,0.18435401027261952,0.4410630090012859,0.43634804972138874,0.0047149592798971796,-0.02376181119471606,0.033191729754510416,0.7455433560983109,2.277379021569961,7.905400771538792,7.6,platelets_max,platelets,organ_failure,>,250.0,0.2
R394,platelets_max > q0.80 (250),1,platelets_max,"organ_failure,organ_failure",1,2333,0.18435401027261952,0.4410630090012859,0.43634804972138874,0.0047149592798971796,-0.02376181119471606,0.033191729754510416,0.7455433560983109,2.277379021569961,7.905400771538792,7.6,platelets_max,platelets,organ_failure,>,250.0,0.8
R392,platelets_max > q0.50 (250),1,platelets_max,"organ_failure,organ_failure",1,2333,0.18435401027261952,0.4410630090012859,0.43634804972138874,0.0047149592798971796,-0.02376181119471606,0.033191729754510416,0.7455433560983109,2.277379021569961,7.905400771538792,7.6,platelets_max,platelets,organ_failure,>,250.0,0.5
R391,platelets_max > q0.35 (250),1,platelets_max,"organ_failure,organ_failure",1,2333,0.18435401027261952,0.4410630090012859,0.43634804972138874,0.0047149592798971796,-0.02376181119471606,0.033191729754510416,0.7455433560983109,2.277379021569961,7.905400771538792,7.6,platelets_max,platelets,organ_failure,>,250.0,0.35
R393,platelets_max > q0.65 (250),1,platelets_max,"organ_failure,organ_failure",1,2333,0.18435401027261952,0.4410630090012859,0.43634804972138874,0.0047149592798971796,-0.02376181119471606,0.033191729754510416,0.7455433560983109,2.277379021569961,7.905400771538792,7.6,platelets_max,platelets,organ_failure,>,250.0,0.65
R250,hemoglobin_delta > q0.65 (-0.7505),1,hemoglobin_delta,"anemia,anemia",1,4429,0.34998024496246544,0.43779634228945585,0.44118311131180854,-0.003386769022352687,-0.02405873843037334,0.017285200385667967,0.748123689650834,2.253919593403688,7.8793181305035,7.6,hemoglobin_delta,hemoglobin,anemia,>,-0.7504835139240827,0.65
R253,hemoglobin_mean <= q0.35 (9.844),1,hemoglobin_mean,"anemia,anemia",1,4430,0.3500592651126037,0.4564334085778781,0.4598194130925508,-0.0033860045146726914,-0.024135538897324147,0.017363529867978764,0.7490882434051309,2.253665186315182,7.274063205417607,7.2,hemoglobin_mean,hemoglobin,anemia,<=,9.843564356435678,0.35
R589,spo2_delta > q0.80 (0.587),1,spo2_delta,"respiratory,respiratory",1,2531,0.2,0.4381667325167918,0.44251284077439745,-0.004346108257605674,-0.03169734800766387,0.023005131492452518,0.7554633124089657,2.186485555261279,9.225246937969182,8.2,spo2_delta,spo2,respiratory,>,0.5869544674620245,0.8
R164,dbp_max > q0.80 (89),1,dbp_max,"perfusion,perfusion",1,2482,0.19612801264322402,0.42868654311039484,0.43271555197421435,-0.0040290088638195165,-0.03157920804065744,0.023521190313018407,0.7743916446228323,2.0072391147592588,8.519379532634971,7.7,dbp_max,dbp,perfusion,>,89.0,0.8
R438,pt_median > q0.65 (13.8),1,pt_median,"organ_failure,organ_failure",1,4309,0.3404978269458712,0.43676026920399164,0.4397772104896728,-0.0030169412856811406,-0.023968452757963877,0.017934570186601596,0.7777649664993023,1.9804099755822009,8.130726386632631,7.8,pt_median,pt,organ_failure,>,13.8,0.65
R411,platelets_std <= q0.20 (0),1,platelets_std,"organ_failure,organ_failure",1,2594,0.20497826945871198,0.3912875867386276,0.3874325366229761,0.003855050115651515,-0.022681899128746373,0.030391999360049403,0.7758500616735176,1.9634281539316703,13.812259059367772,14.0,platelets_std,platelets,organ_failure,<=,0.0,0.2
R308,ldh_min > q0.65 (180),1,ldh_min,"other,other",1,714,0.056420387198735676,0.5196078431372549,0.5266106442577031,-0.007002801120448154,-0.058813200605296115,0.044807598364399806,0.7910728875753992,1.8712029714127927,7.280392156862746,7.0,ldh_min,ldh,other,>,180.0,0.65
R307,ldh_min > q0.50 (180),1,ldh_min,"other,other",1,714,0.056420387198735676,0.5196078431372549,0.5266106442577031,-0.007002801120448154,-0.058813200605296115,0.044807598364399806,0.7910728875753992,1.8712029714127927,7.280392156862746,7.0,ldh_min,ldh,other,>,180.0,0.5
R305,ldh_min > q0.20 (180),1,ldh_min,"other,other",1,714,0.056420387198735676,0.5196078431372549,0.5266106442577031,-0.007002801120448154,-0.058813200605296115,0.044807598364399806,0.7910728875753992,1.8712029714127927,7.280392156862746,7.0,ldh_min,ldh,other,>,180.0,0.2
R309,ldh_min > q0.80 (180),1,ldh_min,"other,other",1,714,0.056420387198735676,0.5196078431372549,0.5266106442577031,-0.007002801120448154,-0.058813200605296115,0.044807598364399806,0.7910728875753992,1.8712029714127927,7.280392156862746,7.0,ldh_min,ldh,other,>,180.0,0.8
R306,ldh_min > q0.35 (180),1,ldh_min,"other,other",1,714,0.056420387198735676,0.5196078431372549,0.5266106442577031,-0.007002801120448154,-0.058813200605296115,0.044807598364399806,0.7910728875753992,1.8712029714127927,7.280392156862746,7.0,ldh_min,ldh,other,>,180.0,0.35
R602,spo2_slope <= q0.35 (-0.0001806),1,spo2_slope,"respiratory,respiratory",1,4372,0.34547609640458316,0.42451967063129004,0.4217749313815188,0.0027447392497712553,-0.017966570750812153,0.023456049250354664,0.7950593719200593,1.8148518120566999,8.936550777676121,8.1,spo2_slope,spo2,respiratory,<=,-0.00018062081341865908,0.35
R182,dbp_std > q0.65 (10.35),1,dbp_std,"perfusion,perfusion",1,4429,0.34998024496246544,0.4070896364867916,0.40979905170467373,-0.0027094152178821496,-0.023182384201417584,0.017763553765653285,0.7953354599279577,1.8031356747229506,8.79679385865884,8.1,dbp_std,dbp,perfusion,>,10.346242412702932,0.65
R486,resp_rate_slope <= q0.20 (-0.003935),1,resp_rate_slope,"respiratory,respiratory",1,2500,0.19755037534571315,0.39,0.3932,-0.0031999999999999806,-0.03025918275496137,0.02385918275496141,0.816702501412515,1.5999999999999903,9.723120000000002,8.7,resp_rate_slope,resp_rate,respiratory,<=,-0.003934996863173661,0.2
R395,platelets_mean <= q0.20 (148.1),1,platelets_mean,"organ_failure,organ_failure",1,2531,0.2,0.447649150533386,0.4508099565389174,-0.0031608060055314247,-0.030566593042121545,0.024244981031058696,0.8211596485838834,1.5901713129173065,7.904543658632952,7.7,platelets_mean,platelets,organ_failure,<=,148.1083188908146,0.2
R469,resp_rate_delta <= q0.35 (-0.279),1,resp_rate_delta,"respiratory,respiratory",1,4430,0.3500592651126037,0.43182844243792323,0.42979683972911964,0.0020316027088035926,-0.01859084136405316,0.022654046781660345,0.8468902468334616,1.3521991117890946,9.064085778781038,8.1,resp_rate_delta,resp_rate,respiratory,<=,-0.2790294627383041,0.35
R263,hemoglobin_std <= q0.20 (0),1,hemoglobin_std,"anemia,anemia",1,2646,0.2090873172659028,0.3869992441421013,0.3847316704459562,0.0022675736961451087,-0.023964020501460886,0.028499167893751103,0.8654576652560546,1.1664236870396005,13.88726379440665,14.0,hemoglobin_std,hemoglobin,anemia,<=,0.0,0.2
R543,sodium_max > q0.80 (142),1,sodium_max,"other,other",1,1980,0.15645989727380483,0.4444444444444444,0.44191919191919193,0.002525252525252486,-0.028419338166035014,0.033469843216539986,0.8729228116562824,1.1236664374387195,7.949090909090909,7.6,sodium_max,sodium,other,>,142.0,0.8
R179,dbp_slope > q0.80 (0),1,dbp_slope,"perfusion,perfusion",1,2330,0.18411694982220467,0.42618025751072963,0.42832618025751074,-0.0021459227467811037,-0.03055231549336785,0.026260469999805643,0.8822910252221039,1.0358384880812963,8.971244635193132,8.0,dbp_slope,dbp,perfusion,>,0.0,0.8
R585,sofa_std > q0.80 (1.237),1,sofa_std,"severity,severity",1,2418,0.19107072303437375,0.4545078577336642,0.456575682382134,-0.0020678246484697738,-0.0301407952563121,0.026005145959372554,0.8852071366152233,1.0168147934775875,8.062200165425972,7.7,sofa_std,sofa,severity,>,1.2374129974571921,0.8
R644,urea_min > q0.80 (15),1,urea_min,"organ_failure,organ_failure",1,1100,0.08692216515211379,0.5409090909090909,0.5381818181818182,0.0027272727272726893,-0.03892900907239594,0.044383554526941316,0.8978934497688251,0.9045340337332782,7.527818181818182,7.2,urea_min,urea,organ_failure,>,15.0,0.8
R643,urea_min > q0.65 (15),1,urea_min,"organ_failure,organ_failure",1,1100,0.08692216515211379,0.5409090909090909,0.5381818181818182,0.0027272727272726893,-0.03892900907239594,0.044383554526941316,0.8978934497688251,0.9045340337332782,7.527818181818182,7.2,urea_min,urea,organ_failure,>,15.0,0.65
R642,urea_min > q0.50 (15),1,urea_min,"organ_failure,organ_failure",1,1100,0.08692216515211379,0.5409090909090909,0.5381818181818182,0.0027272727272726893,-0.03892900907239594,0.044383554526941316,0.8978934497688251,0.9045340337332782,7.527818181818182,7.2,urea_min,urea,organ_failure,>,15.0,0.5
R641,urea_min > q0.35 (15),1,urea_min,"organ_failure,organ_failure",1,1100,0.08692216515211379,0.5409090909090909,0.5381818181818182,0.0027272727272726893,-0.03892900907239594,0.044383554526941316,0.8978934497688251,0.9045340337332782,7.527818181818182,7.2,urea_min,urea,organ_failure,>,15.0,0.35
R537,sbp_std > q0.65 (12.61),1,sbp_std,"perfusion,perfusion",1,4428,0.34990122481232716,0.4241192411924119,0.42276422764227645,0.0013550135501354532,-0.019226878026221066,0.021936905126491973,0.8973283327677943,0.9016696346674002,8.582068654019876,8.0,sbp_std,sbp,perfusion,>,12.607932460855748,0.65
R465,ptt_std <= q0.35 (0.4682),1,ptt_std,"organ_failure,organ_failure",1,4429,0.34998024496246544,0.3989613908331452,0.3976066832242041,0.0013547076089410748,-0.019034954559795265,0.021744369777677415,0.8963890693653271,0.9015678373614753,11.275705576879657,14.0,ptt_std,ptt,organ_failure,<=,0.4681704425511551,0.35
R551,sodium_median > q0.50 (140),1,sodium_median,"other,other",1,2019,0.15954168312919795,0.4413075780089153,0.4393263992075285,0.001981178801386818,-0.028642391928762834,0.03260474953153647,0.8990976184231406,0.8902086949444633,8.058940069341258,7.7,sodium_median,sodium,other,>,140.0,0.5
R550,sodium_median > q0.35 (140),1,sodium_median,"other,other",1,2019,0.15954168312919795,0.4413075780089153,0.4393263992075285,0.001981178801386818,-0.028642391928762834,0.03260474953153647,0.8990976184231406,0.8902086949444633,8.058940069341258,7.7,sodium_median,sodium,other,>,140.0,0.35
R552,sodium_median > q0.65 (140),1,sodium_median,"other,other",1,2019,0.15954168312919795,0.4413075780089153,0.4393263992075285,0.001981178801386818,-0.028642391928762834,0.03260474953153647,0.8990976184231406,0.8902086949444633,8.058940069341258,7.7,sodium_median,sodium,other,>,140.0,0.65
R553,sodium_median > q0.80 (140),1,sodium_median,"other,other",1,2019,0.15954168312919795,0.4413075780089153,0.4393263992075285,0.001981178801386818,-0.028642391928762834,0.03260474953153647,0.8990976184231406,0.8902086949444633,8.058940069341258,7.7,sodium_median,sodium,other,>,140.0,0.8
R146,creatinine_min > q0.80 (0.9),1,creatinine_min,"organ_failure,organ_failure",1,837,0.06613986566574477,0.5448028673835126,0.5459976105137395,-0.0011947431302269385,-0.04890154362702061,0.04651205736656673,0.9608514197371272,0.34565056491012364,7.497968936678614,7.2,creatinine_min,creatinine,organ_failure,>,0.9,0.8
R144,creatinine_min > q0.50 (0.9),1,creatinine_min,"organ_failure,organ_failure",1,837,0.06613986566574477,0.5448028673835126,0.5459976105137395,-0.0011947431302269385,-0.04890154362702061,0.04651205736656673,0.9608514197371272,0.34565056491012364,7.497968936678614,7.2,creatinine_min,creatinine,organ_failure,>,0.9,0.5
R143,creatinine_min > q0.35 (0.9),1,creatinine_min,"organ_failure,organ_failure",1,837,0.06613986566574477,0.5448028673835126,0.5459976105137395,-0.0011947431302269385,-0.04890154362702061,0.04651205736656673,0.9608514197371272,0.34565056491012364,7.497968936678614,7.2,creatinine_min,creatinine,organ_failure,>,0.9,0.35
R145,creatinine_min > q0.65 (0.9),1,creatinine_min,"organ_failure,organ_failure",1,837,0.06613986566574477,0.5448028673835126,0.5459976105137395,-0.0011947431302269385,-0.04890154362702061,0.04651205736656673,0.9608514197371272,0.34565056491012364,7.497968936678614,7.2,creatinine_min,creatinine,organ_failure,>,0.9,0.65
R69,ast_min > q0.20 (20),1,ast_min,"other,other",1,892,0.07048597392335046,0.5325112107623319,0.531390134529148,0.0011210762331839152,-0.04518839923167151,0.04743055169803934,0.962155873718299,0.3348247650912301,7.441816143497758,7.15,ast_min,ast,other,>,20.0,0.2
R70,ast_min > q0.35 (20),1,ast_min,"other,other",1,892,0.07048597392335046,0.5325112107623319,0.531390134529148,0.0011210762331839152,-0.04518839923167151,0.04743055169803934,0.962155873718299,0.3348247650912301,7.441816143497758,7.15,ast_min,ast,other,>,20.0,0.35
R71,ast_min > q0.50 (20),1,ast_min,"other,other",1,892,0.07048597392335046,0.5325112107623319,0.531390134529148,0.0011210762331839152,-0.04518839923167151,0.04743055169803934,0.962155873718299,0.3348247650912301,7.441816143497758,7.15,ast_min,ast,other,>,20.0,0.5
R72,ast_min > q0.65 (20),1,ast_min,"other,other",1,892,0.07048597392335046,0.5325112107623319,0.531390134529148,0.0011210762331839152,-0.04518839923167151,0.04743055169803934,0.962155873718299,0.3348247650912301,7.441816143497758,7.15,ast_min,ast,other,>,20.0,0.65
R73,ast_min > q0.80 (20),1,ast_min,"other,other",1,892,0.07048597392335046,0.5325112107623319,0.531390134529148,0.0011210762331839152,-0.04518839923167151,0.04743055169803934,0.962155873718299,0.3348247650912301,7.441816143497758,7.15,ast_min,ast,other,>,20.0,0.8
R430,pt_max <= q0.20 (12.2),1,pt_max,"organ_failure,organ_failure",1,3932,0.31070723034373765,0.3929298067141404,0.3934384537131231,-0.0005086469989826758,-0.022100539584313784,0.021083245586348432,0.9631728916737305,0.31895046605472943,11.651703967446592,14.0,pt_max,pt,organ_failure,<=,12.2,0.2
R409,platelets_slope > q0.65 (0),1,platelets_slope,"organ_failure,organ_failure",1,2130,0.1683129197945476,0.44178403755868545,0.4422535211267606,-0.00046948356807513525,-0.030296606951156522,0.02935763981500625,0.9753886026620614,0.216675695008728,7.933943661971832,7.6,platelets_slope,platelets,organ_failure,>,0.0,0.65
R410,platelets_slope > q0.80 (0),1,platelets_slope,"organ_failure,organ_failure",1,2130,0.1683129197945476,0.44178403755868545,0.4422535211267606,-0.00046948356807513525,-0.030296606951156522,0.02935763981500625,0.9753886026620614,0.216675695008728,7.933943661971832,7.6,platelets_slope,platelets,organ_failure,>,0.0,0.8
R248,hemoglobin_delta <= q0.20 (-3.375),1,hemoglobin_delta,"anemia,anemia",1,2531,0.2,0.4073488739628605,0.40774397471355195,-0.000395100750691435,-0.027468367825684063,0.026678166324301193,0.9771806062691184,0.1987714141146668,12.063334650335836,14.0,hemoglobin_delta,hemoglobin,anemia,<=,-3.37539422727175,0.2
R363,nee_mcgkgmin_max > q0.80 (0.12),1,nee_mcgkgmin_max,"perfusion,perfusion",1,2465,0.19478467009087316,0.4470588235294118,0.4470588235294118,0.0,-0.027757759521285216,0.027757759521285216,1.0,0.0,8.359310344827586,7.9,nee_mcgkgmin_max,nee_mcgkgmin,perfusion,>,0.12,0.8
R79,bilirubin_total_delta <= q0.20 (-0.003268),1,bilirubin_total_delta,"organ_failure,organ_failure",1,2532,0.2000790201501383,0.4344391785150079,0.4344391785150079,0.0,-0.02730507468358709,0.02730507468358709,1.0,0.0,8.664612954186413,7.8,bilirubin_total_delta,bilirubin_total,organ_failure,<=,-0.0032679738562091387,0.2
